type,metric,method,score
full_annotated_supervised,NMI_cluster/label,scANVI,0.930511
full_annotated_supervised,ARI_cluster/label,scANVI,0.953979
full_annotated_supervised,ASW_label,scANVI,0.613611
full_annotated_supervised,ASW_label/batch,scANVI,0.874315
full_annotated_supervised,isolated_label_F1,scANVI,0.088608
full_annotated_supervised,isolated_label_silhouette,scANVI,0.776346
full_annotated_supervised,graph_conn,scANVI,0.997151
full_annotated_supervised,NMI_cluster/label,scGEN,0.977687
full_annotated_supervised,ARI_cluster/label,scGEN,0.989149
full_annotated_supervised,ASW_label,scGEN,0.643004
full_annotated_supervised,ASW_label/batch,scGEN,0.776201
full_annotated_supervised,isolated_label_F1,scGEN,0.145833
full_annotated_supervised,isolated_label_silhouette,scGEN,0.81155
full_annotated_supervised,graph_conn,scGEN,0.994886
full_annotated_supervised,NMI_cluster/label,STACAS,0.926336
full_annotated_supervised,ARI_cluster/label,STACAS,0.958796
full_annotated_supervised,ASW_label,STACAS,0.701654
full_annotated_supervised,ASW_label/batch,STACAS,0.851976
full_annotated_supervised,isolated_label_F1,STACAS,0.2
full_annotated_supervised,isolated_label_silhouette,STACAS,0.711441
full_annotated_supervised,graph_conn,STACAS,0.985079
CellAssign,NMI_cluster/label,scANVI,0.907862
CellAssign,ARI_cluster/label,scANVI,0.941904
CellAssign,ASW_label,scANVI,0.559812
CellAssign,ASW_label/batch,scANVI,0.878671
CellAssign,isolated_label_F1,scANVI,0.150538
CellAssign,isolated_label_silhouette,scANVI,0.719847
CellAssign,graph_conn,scANVI,0.987227
CellAssign,NMI_cluster/label,scGEN,0.817687
CellAssign,ARI_cluster/label,scGEN,0.873897
CellAssign,ASW_label,scGEN,0.56375
CellAssign,ASW_label/batch,scGEN,0.855251
CellAssign,isolated_label_F1,scGEN,0.163934
CellAssign,isolated_label_silhouette,scGEN,0.654349
CellAssign,graph_conn,scGEN,0.963325
CellAssign,NMI_cluster/label,STACAS,0.926058
CellAssign,ARI_cluster/label,STACAS,0.955608
CellAssign,ASW_label,STACAS,0.559812
CellAssign,ASW_label/batch,STACAS,0.878671
CellAssign,isolated_label_F1,STACAS,0.150538
CellAssign,isolated_label_silhouette,STACAS,0.719847
CellAssign,graph_conn,STACAS,0.984016
Azimuth,NMI_cluster/label,scANVI,0.916071
Azimuth,ARI_cluster/label,scANVI,0.949119
Azimuth,ASW_label,scANVI,0.586735
Azimuth,ASW_label/batch,scANVI,0.882247
Azimuth,isolated_label_F1,scANVI,0.186667
Azimuth,isolated_label_silhouette,scANVI,0.7147
Azimuth,graph_conn,scANVI,0.984162
Azimuth,NMI_cluster/label,scGEN,0.913013
Azimuth,ARI_cluster/label,scGEN,0.946703
Azimuth,ASW_label,scGEN,0.637993
Azimuth,ASW_label/batch,scGEN,0.831694
Azimuth,isolated_label_F1,scGEN,0.141414
Azimuth,isolated_label_silhouette,scGEN,0.726153
Azimuth,graph_conn,scGEN,0.969339
Azimuth,NMI_cluster/label,STACAS,0.92678
Azimuth,ARI_cluster/label,STACAS,0.956714
Azimuth,ASW_label,STACAS,0.637993
Azimuth,ASW_label/batch,STACAS,0.831694
Azimuth,isolated_label_F1,STACAS,0.141414
Azimuth,isolated_label_silhouette,STACAS,0.726153
Azimuth,graph_conn,STACAS,0.985822
unsupervised,NMI_cluster/label,scVI,0.907139
unsupervised,ARI_cluster/label,scVI,0.945282
unsupervised,ASW_label,scVI,0.556335
unsupervised,ASW_label/batch,scVI,0.878569
unsupervised,isolated_label_F1,scVI,0.130841
unsupervised,isolated_label_silhouette,scVI,0.714344
unsupervised,graph_conn,scVI,0.987088
unsupervised,NMI_cluster/label,Harmony,0.919287
unsupervised,ARI_cluster/label,Harmony,0.953225
unsupervised,ASW_label,Harmony,0.624457
unsupervised,ASW_label/batch,Harmony,0.871617
unsupervised,isolated_label_F1,Harmony,0.096552
unsupervised,isolated_label_silhouette,Harmony,0.620789
unsupervised,graph_conn,Harmony,0.974322
unsupervised,NMI_cluster/label,scCRAFT,0.918114
unsupervised,ARI_cluster/label,scCRAFT,0.95111
unsupervised,ASW_label,scCRAFT,0.696782
unsupervised,ASW_label/batch,scCRAFT,0.927987
unsupervised,isolated_label_F1,scCRAFT,0.097902
unsupervised,isolated_label_silhouette,scCRAFT,0.546051
unsupervised,graph_conn,scCRAFT,0.959422
unsupervised,NMI_cluster/label,Seurat,0.912455
unsupervised,ARI_cluster/label,Seurat,0.947821
unsupervised,ASW_label,Seurat,0.685445
unsupervised,ASW_label/batch,Seurat,0.851785
unsupervised,isolated_label_F1,Seurat,0.215385
unsupervised,isolated_label_silhouette,Seurat,0.630494
unsupervised,graph_conn,Seurat,0.981263
mixing_at_edge_70,NMI_cluster/label,scANVI,0.927556
mixing_at_edge_70,ARI_cluster/label,scANVI,0.955357
mixing_at_edge_70,ASW_label,scANVI,0.627211
mixing_at_edge_70,ASW_label/batch,scANVI,0.857838
mixing_at_edge_70,isolated_label_F1,scANVI,0.093333
mixing_at_edge_70,isolated_label_silhouette,scANVI,0.580264
mixing_at_edge_70,graph_conn,scANVI,0.983121
mixing_at_edge_70,NMI_cluster/label,scGEN,0.939577
mixing_at_edge_70,ARI_cluster/label,scGEN,0.966951
mixing_at_edge_70,ASW_label,scGEN,0.633481
mixing_at_edge_70,ASW_label/batch,scGEN,0.799056
mixing_at_edge_70,isolated_label_F1,scGEN,0.104167
mixing_at_edge_70,isolated_label_silhouette,scGEN,0.604473
mixing_at_edge_70,graph_conn,scGEN,0.93433
mixing_at_edge_70,NMI_cluster/label,STACAS,0.927936
mixing_at_edge_70,ARI_cluster/label,STACAS,0.957547
mixing_at_edge_70,ASW_label,STACAS,0.682492
mixing_at_edge_70,ASW_label/batch,STACAS,0.854729
mixing_at_edge_70,isolated_label_F1,STACAS,0.126316
mixing_at_edge_70,isolated_label_silhouette,STACAS,0.694943
mixing_at_edge_70,graph_conn,STACAS,0.973344
mixing_at_edge_50,NMI_cluster/label,scANVI,0.914659
mixing_at_edge_50,ARI_cluster/label,scANVI,0.948952
mixing_at_edge_50,ASW_label,scANVI,0.632032
mixing_at_edge_50,ASW_label/batch,scANVI,0.858277
mixing_at_edge_50,isolated_label_F1,scANVI,0.090909
mixing_at_edge_50,isolated_label_silhouette,scANVI,0.645526
mixing_at_edge_50,graph_conn,scANVI,0.987894
mixing_at_edge_50,NMI_cluster/label,scGEN,0.926171
mixing_at_edge_50,ARI_cluster/label,scGEN,0.96022
mixing_at_edge_50,ASW_label,scGEN,0.636552
mixing_at_edge_50,ASW_label/batch,scGEN,0.826438
mixing_at_edge_50,isolated_label_F1,scGEN,0.123711
mixing_at_edge_50,isolated_label_silhouette,scGEN,0.690914
mixing_at_edge_50,graph_conn,scGEN,0.958814
mixing_at_edge_50,NMI_cluster/label,STACAS,0.923614
mixing_at_edge_50,ARI_cluster/label,STACAS,0.95536
mixing_at_edge_50,ASW_label,STACAS,0.681685
mixing_at_edge_50,ASW_label/batch,STACAS,0.85546
mixing_at_edge_50,isolated_label_F1,STACAS,0.12766
mixing_at_edge_50,isolated_label_silhouette,STACAS,0.693321
mixing_at_edge_50,graph_conn,STACAS,0.986035
mixing_at_edge_30,NMI_cluster/label,scANVI,0.915235
mixing_at_edge_30,ARI_cluster/label,scANVI,0.948947
mixing_at_edge_30,ASW_label,scANVI,0.622194
mixing_at_edge_30,ASW_label/batch,scANVI,0.867519
mixing_at_edge_30,isolated_label_F1,scANVI,0.091503
mixing_at_edge_30,isolated_label_silhouette,scANVI,0.638311
mixing_at_edge_30,graph_conn,scANVI,0.98859
mixing_at_edge_30,NMI_cluster/label,scGEN,0.922756
mixing_at_edge_30,ARI_cluster/label,scGEN,0.956886
mixing_at_edge_30,ASW_label,scGEN,0.629954
mixing_at_edge_30,ASW_label/batch,scGEN,0.822674
mixing_at_edge_30,isolated_label_F1,scGEN,0.202899
mixing_at_edge_30,isolated_label_silhouette,scGEN,0.653613
mixing_at_edge_30,graph_conn,scGEN,0.949844
mixing_at_edge_30,NMI_cluster/label,STACAS,0.926295
mixing_at_edge_30,ARI_cluster/label,STACAS,0.956962
mixing_at_edge_30,ASW_label,STACAS,0.681645
mixing_at_edge_30,ASW_label/batch,STACAS,0.858004
mixing_at_edge_30,isolated_label_F1,STACAS,0.126316
mixing_at_edge_30,isolated_label_silhouette,STACAS,0.698942
mixing_at_edge_30,graph_conn,STACAS,0.984139
partially_annotated_batches_70,NMI_cluster/label,scANVI,0.92169
partially_annotated_batches_70,ARI_cluster/label,scANVI,0.953146
partially_annotated_batches_70,ASW_label,scANVI,0.609856
partially_annotated_batches_70,ASW_label/batch,scANVI,0.860848
partially_annotated_batches_70,isolated_label_F1,scANVI,0.162791
partially_annotated_batches_70,isolated_label_silhouette,scANVI,0.720035
partially_annotated_batches_70,graph_conn,scANVI,0.988603
partially_annotated_batches_70,NMI_cluster/label,scGEN,0.750921
partially_annotated_batches_70,ARI_cluster/label,scGEN,0.60165
partially_annotated_batches_70,ASW_label,scGEN,0.569046
partially_annotated_batches_70,ASW_label/batch,scGEN,0.875637
partially_annotated_batches_70,isolated_label_F1,scGEN,0.12766
partially_annotated_batches_70,isolated_label_silhouette,scGEN,0.734923
partially_annotated_batches_70,graph_conn,scGEN,0.985262
partially_annotated_batches_70,NMI_cluster/label,STACAS,0.926119
partially_annotated_batches_70,ARI_cluster/label,STACAS,0.956136
partially_annotated_batches_70,ASW_label,STACAS,0.674666
partially_annotated_batches_70,ASW_label/batch,STACAS,0.867798
partially_annotated_batches_70,isolated_label_F1,STACAS,0.147368
partially_annotated_batches_70,isolated_label_silhouette,STACAS,0.699549
partially_annotated_batches_70,graph_conn,STACAS,0.987982
partially_annotated_batches_50,NMI_cluster/label,scANVI,0.923873
partially_annotated_batches_50,ARI_cluster/label,scANVI,0.950869
partially_annotated_batches_50,ASW_label,scANVI,0.593287
partially_annotated_batches_50,ASW_label/batch,scANVI,0.872088
partially_annotated_batches_50,isolated_label_F1,scANVI,0.089172
partially_annotated_batches_50,isolated_label_silhouette,scANVI,0.693752
partially_annotated_batches_50,graph_conn,scANVI,0.990826
partially_annotated_batches_50,NMI_cluster/label,scGEN,0.793415
partially_annotated_batches_50,ARI_cluster/label,scGEN,0.714036
partially_annotated_batches_50,ASW_label,scGEN,0.569778
partially_annotated_batches_50,ASW_label/batch,scGEN,0.884005
partially_annotated_batches_50,isolated_label_F1,scGEN,0.147368
partially_annotated_batches_50,isolated_label_silhouette,scGEN,0.723883
partially_annotated_batches_50,graph_conn,scGEN,0.947664
partially_annotated_batches_50,NMI_cluster/label,STACAS,0.925295
partially_annotated_batches_50,ARI_cluster/label,STACAS,0.955581
partially_annotated_batches_50,ASW_label,STACAS,0.677125
partially_annotated_batches_50,ASW_label/batch,STACAS,0.862592
partially_annotated_batches_50,isolated_label_F1,STACAS,0.12766
partially_annotated_batches_50,isolated_label_silhouette,STACAS,0.673373
partially_annotated_batches_50,graph_conn,STACAS,0.982845
partially_annotated_batches_30,NMI_cluster/label,scANVI,0.92146
partially_annotated_batches_30,ARI_cluster/label,scANVI,0.949376
partially_annotated_batches_30,ASW_label,scANVI,0.592155
partially_annotated_batches_30,ASW_label/batch,scANVI,0.877519
partially_annotated_batches_30,isolated_label_F1,scANVI,0.088608
partially_annotated_batches_30,isolated_label_silhouette,scANVI,0.715336
partially_annotated_batches_30,graph_conn,scANVI,0.996331
partially_annotated_batches_30,NMI_cluster/label,scGEN,0.840399
partially_annotated_batches_30,ARI_cluster/label,scGEN,0.750259
partially_annotated_batches_30,ASW_label,scGEN,0.579126
partially_annotated_batches_30,ASW_label/batch,scGEN,0.822735
partially_annotated_batches_30,isolated_label_F1,scGEN,0.103704
partially_annotated_batches_30,isolated_label_silhouette,scGEN,0.668942
partially_annotated_batches_30,graph_conn,scGEN,0.988717
partially_annotated_batches_30,NMI_cluster/label,STACAS,0.926197
partially_annotated_batches_30,ARI_cluster/label,STACAS,0.956576
partially_annotated_batches_30,ASW_label,STACAS,0.6803
partially_annotated_batches_30,ASW_label/batch,STACAS,0.855135
partially_annotated_batches_30,isolated_label_F1,STACAS,0.099291
partially_annotated_batches_30,isolated_label_silhouette,STACAS,0.67307
partially_annotated_batches_30,graph_conn,STACAS,0.983964
randomly_missing_30,NMI_cluster/label,scANVI,0.929312
randomly_missing_30,ARI_cluster/label,scANVI,0.954384
randomly_missing_30,ASW_label,scANVI,0.592273
randomly_missing_30,ASW_label/batch,scANVI,0.880726
randomly_missing_30,isolated_label_F1,scANVI,0.179487
randomly_missing_30,isolated_label_silhouette,scANVI,0.729056
randomly_missing_30,graph_conn,scANVI,0.998391
randomly_missing_30,NMI_cluster/label,scGEN,0.846952
randomly_missing_30,ARI_cluster/label,scGEN,0.731122
randomly_missing_30,ASW_label,scGEN,0.60174
randomly_missing_30,ASW_label/batch,scGEN,0.779115
randomly_missing_30,isolated_label_F1,scGEN,0.225806
randomly_missing_30,isolated_label_silhouette,scGEN,0.708335
randomly_missing_30,graph_conn,scGEN,0.951672
randomly_missing_30,NMI_cluster/label,STACAS,0.924813
randomly_missing_30,ARI_cluster/label,STACAS,0.956625
randomly_missing_30,ASW_label,STACAS,0.681575
randomly_missing_30,ASW_label/batch,STACAS,0.865256
randomly_missing_30,isolated_label_F1,STACAS,0.12766
randomly_missing_30,isolated_label_silhouette,STACAS,0.689456
randomly_missing_30,graph_conn,STACAS,0.985888
randomly_missing_50,NMI_cluster/label,scANVI,0.924256
randomly_missing_50,ARI_cluster/label,scANVI,0.950094
randomly_missing_50,ASW_label,scANVI,0.589317
randomly_missing_50,ASW_label/batch,scANVI,0.881127
randomly_missing_50,isolated_label_F1,scANVI,0.12963
randomly_missing_50,isolated_label_silhouette,scANVI,0.75358
randomly_missing_50,graph_conn,scANVI,0.992829
randomly_missing_50,NMI_cluster/label,scGEN,0.816095
randomly_missing_50,ARI_cluster/label,scGEN,0.633165
randomly_missing_50,ASW_label,scGEN,0.592262
randomly_missing_50,ASW_label/batch,scGEN,0.804825
randomly_missing_50,isolated_label_F1,scGEN,0.142857
randomly_missing_50,isolated_label_silhouette,scGEN,0.673346
randomly_missing_50,graph_conn,scGEN,0.890753
randomly_missing_50,NMI_cluster/label,STACAS,0.926576
randomly_missing_50,ARI_cluster/label,STACAS,0.957389
randomly_missing_50,ASW_label,STACAS,0.680147
randomly_missing_50,ASW_label/batch,STACAS,0.861147
randomly_missing_50,isolated_label_F1,STACAS,0.12766
randomly_missing_50,isolated_label_silhouette,STACAS,0.698635
randomly_missing_50,graph_conn,STACAS,0.985059
randomly_missing_70,NMI_cluster/label,scANVI,0.926549
randomly_missing_70,ARI_cluster/label,scANVI,0.953269
randomly_missing_70,ASW_label,scANVI,0.614223
randomly_missing_70,ASW_label/batch,scANVI,0.875977
randomly_missing_70,isolated_label_F1,scANVI,0.141414
randomly_missing_70,isolated_label_silhouette,scANVI,0.712473
randomly_missing_70,graph_conn,scANVI,0.993936
randomly_missing_70,NMI_cluster/label,scGEN,0.800711
randomly_missing_70,ARI_cluster/label,scGEN,0.61793
randomly_missing_70,ASW_label,scGEN,0.580795
randomly_missing_70,ASW_label/batch,scGEN,0.84968
randomly_missing_70,isolated_label_F1,scGEN,0.141414
randomly_missing_70,isolated_label_silhouette,scGEN,0.691781
randomly_missing_70,graph_conn,scGEN,0.950571
randomly_missing_70,NMI_cluster/label,STACAS,0.926484
randomly_missing_70,ARI_cluster/label,STACAS,0.957148
randomly_missing_70,ASW_label,STACAS,0.677677
randomly_missing_70,ASW_label/batch,STACAS,0.860068
randomly_missing_70,isolated_label_F1,STACAS,0.12766
randomly_missing_70,isolated_label_silhouette,STACAS,0.69354
randomly_missing_70,graph_conn,STACAS,0.986186
full_annotated_supervised,truepos_rate,scANVI,0.150408985
full_annotated_supervised,truepos_rate,scGEN,0.140153827
full_annotated_supervised,truepos_rate,STACAS,0.125381516
CellAssign,truepos_rate,scANVI,0.107984373
CellAssign,truepos_rate,scGEN,0.02667562
CellAssign,truepos_rate,STACAS,0.060126969
Azimuth,truepos_rate,scANVI,0.140092785
Azimuth,truepos_rate,scGEN,0.156024905
Azimuth,truepos_rate,STACAS,0.06366744
partially_annotated_batches_70,truepos_rate,scANVI,0.118544744
partially_annotated_batches_70,truepos_rate,scGEN,0.015748993
partially_annotated_batches_70,truepos_rate,STACAS,0.075753876
partially_annotated_batches_50,truepos_rate,scANVI,0.118972042
partially_annotated_batches_50,truepos_rate,scGEN,0.013734587
partially_annotated_batches_50,truepos_rate,STACAS,0.066353315
partially_annotated_batches_30,truepos_rate,scANVI,0.140092785
partially_annotated_batches_30,truepos_rate,scGEN,0.016725675
partially_annotated_batches_30,truepos_rate,STACAS,0.072518618
mixing_at_edge_30,truepos_rate,scANVI,0.143572213
mixing_at_edge_30,truepos_rate,scGEN,0.139116103
mixing_at_edge_30,truepos_rate,STACAS,0.06531559
mixing_at_edge_50,truepos_rate,scANVI,0.154010499
mixing_at_edge_50,truepos_rate,scGEN,0.15285069
mixing_at_edge_50,truepos_rate,STACAS,0.063789525
mixing_at_edge_70,truepos_rate,scANVI,0.153644244
mixing_at_edge_70,truepos_rate,scGEN,0.151080454
mixing_at_edge_70,truepos_rate,STACAS,0.064460994
randomly_missing_30,truepos_rate,scANVI,0.149554389
randomly_missing_30,truepos_rate,scGEN,0.165669637
randomly_missing_30,truepos_rate,STACAS,0.069588573
randomly_missing_50,truepos_rate,scANVI,0.143938469
randomly_missing_50,truepos_rate,scGEN,0.138322549
randomly_missing_50,truepos_rate,STACAS,0.066109144
randomly_missing_70,truepos_rate,scANVI,0.149371261
randomly_missing_70,truepos_rate,scGEN,0.125747772
randomly_missing_70,truepos_rate,STACAS,0.068550848
unsupervised,truepos_rate,scVI,0.148455622
unsupervised,truepos_rate,Harmony,0.119887682
unsupervised,truepos_rate,scCRAFT,0.581980222
unsupervised,truepos_rate,Seurat,0.095348553
full_annotated_supervised,kBET,scANVI,0.518914187
full_annotated_supervised,kBET,scGEN,0.488514372
full_annotated_supervised,kBET,STACAS,0.549857236
CellAssign,kBET,scANVI,0.504718821
CellAssign,kBET,scGEN,0.424229287
CellAssign,kBET,STACAS,0.473883651
Azimuth,kBET,scANVI,0.51946837
Azimuth,kBET,scGEN,0.467327349
Azimuth,kBET,STACAS,0.495822761
partially_annotated_batches_70,kBET,scANVI,0.502665612
partially_annotated_batches_70,kBET,scGEN,0.317486144
partially_annotated_batches_70,kBET,STACAS,0.485251237
partially_annotated_batches_50,kBET,scANVI,0.510738371
partially_annotated_batches_50,kBET,scGEN,0.269960331
partially_annotated_batches_50,kBET,STACAS,0.487999785
partially_annotated_batches_30,kBET,scANVI,0.521863313
partially_annotated_batches_30,kBET,scGEN,0.34796017
partially_annotated_batches_30,kBET,STACAS,0.471596081
mixing_at_edge_30,kBET,scANVI,0.521642242
mixing_at_edge_30,kBET,scGEN,0.383824898
mixing_at_edge_30,kBET,STACAS,0.477125091
mixing_at_edge_50,kBET,scANVI,0.531312009
mixing_at_edge_50,kBET,scGEN,0.556372908
mixing_at_edge_50,kBET,STACAS,0.475007698
mixing_at_edge_70,kBET,scANVI,0.450436747
mixing_at_edge_70,kBET,scGEN,0.398632229
mixing_at_edge_70,kBET,STACAS,0.476496244
randomly_missing_30,kBET,scANVI,0.524436909
randomly_missing_30,kBET,scGEN,0.493630235
randomly_missing_30,kBET,STACAS,0.475989448
randomly_missing_50,kBET,scANVI,0.527972137
randomly_missing_50,kBET,scGEN,0.448561015
randomly_missing_50,kBET,STACAS,0.474930292
randomly_missing_70,kBET,scANVI,0.522614083
randomly_missing_70,kBET,scGEN,0.345759985
randomly_missing_70,kBET,STACAS,0.485585139
unsupervised,kBET,scVI,0.5119658
unsupervised,kBET,Harmony,0.41682015
unsupervised,kBET,scCRAFT,0.53437725
unsupervised,kBET,Seurat,0.698247493
full_annotated_supervised,lisi_b,scANVI,0.279933603
full_annotated_supervised,lisi_b,scGEN,0.270064225
full_annotated_supervised,lisi_b,STACAS,0.262016502
CellAssign,lisi_b,scANVI,0.260124667
CellAssign,lisi_b,scGEN,0.114038229
CellAssign,lisi_b,STACAS,0.226844562
Azimuth,lisi_b,scANVI,0.280056529
Azimuth,lisi_b,scGEN,0.275409182
Azimuth,lisi_b,STACAS,0.240841159
partially_annotated_batches_70,lisi_b,scANVI,0.268641314
partially_annotated_batches_70,lisi_b,scGEN,0.091074769
partially_annotated_batches_70,lisi_b,STACAS,0.240695762
partially_annotated_batches_50,lisi_b,scANVI,0.270882435
partially_annotated_batches_50,lisi_b,scGEN,0.081112699
partially_annotated_batches_50,lisi_b,STACAS,0.213256241
partially_annotated_batches_30,lisi_b,scANVI,0.27838679
partially_annotated_batches_30,lisi_b,scGEN,0.136970573
partially_annotated_batches_30,lisi_b,STACAS,0.223274238
mixing_at_edge_30,lisi_b,scANVI,0.277852401
mixing_at_edge_30,lisi_b,scGEN,0.278279041
mixing_at_edge_30,lisi_b,STACAS,0.234128775
mixing_at_edge_50,lisi_b,scANVI,0.286952771
mixing_at_edge_50,lisi_b,scGEN,0.279735688
mixing_at_edge_50,lisi_b,STACAS,0.233791836
mixing_at_edge_70,lisi_b,scANVI,0.281846119
mixing_at_edge_70,lisi_b,scGEN,0.271971773
mixing_at_edge_70,lisi_b,STACAS,0.233555621
randomly_missing_30,lisi_b,scANVI,0.281203624
randomly_missing_30,lisi_b,scGEN,0.256150959
randomly_missing_30,lisi_b,STACAS,0.234358966
randomly_missing_50,lisi_b,scANVI,0.283878682
randomly_missing_50,lisi_b,scGEN,0.225276262
randomly_missing_50,lisi_b,STACAS,0.229927699
randomly_missing_70,lisi_b,scANVI,0.278854327
randomly_missing_70,lisi_b,scGEN,0.193532639
randomly_missing_70,lisi_b,STACAS,0.225636309
unsupervised,lisi_b,scVI,0.282697171
unsupervised,lisi_b,Harmony,0.234260657
unsupervised,lisi_b,scCRAFT,0.440570399
unsupervised,lisi_b,Seurat,0.249839948
singleR,NMI_cluster/label,scANVI,0.908096998
singleR,ARI_cluster/label,scANVI,0.942748143
singleR,ASW_label,scANVI,0.561526381
singleR,ASW_label/batch,scANVI,0.882156362
singleR,isolated_label_F1,scANVI,0.194444444
singleR,isolated_label_silhouette,scANVI,0.628250893
singleR,graph_conn,scANVI,0.989004328
singleR,NMI_cluster/label,scGEN,0.740917237
singleR,ARI_cluster/label,scGEN,0.558709141
singleR,ASW_label,scGEN,0.560073559
singleR,ASW_label/batch,scGEN,0.866373127
singleR,isolated_label_F1,scGEN,0.081395349
singleR,isolated_label_silhouette,scGEN,0.604377386
singleR,graph_conn,scGEN,0.955854088
singleR,NMI_cluster/label,STACAS,0.924772941
singleR,ARI_cluster/label,STACAS,0.95660876
singleR,ASW_label,STACAS,0.560073559
singleR,ASW_label/batch,STACAS,0.866373127
singleR,isolated_label_F1,STACAS,0.081395349
singleR,isolated_label_silhouette,STACAS,0.604377386
singleR,graph_conn,STACAS,0.986682056
singleR,pos_rate,scANVI,0.962459
singleR,pos_rate,scGEN,0.96252
singleR,pos_rate,STACAS,0.975888
singleR,truepos_rate,scANVI,0.146258
singleR,truepos_rate,scGEN,0.028507
singleR,truepos_rate,STACAS,0.061958
full_annotated_supervised,pos_rate,scANVI,0.981931388
full_annotated_supervised,pos_rate,scGEN,0.993651569
full_annotated_supervised,pos_rate,STACAS,0.975399829
CellAssign,pos_rate,scANVI,0.965327799
CellAssign,pos_rate,scGEN,0.972286656
CellAssign,pos_rate,STACAS,0.975827127
Azimuth,pos_rate,scANVI,0.969478696
Azimuth,pos_rate,scGEN,0.971371017
Azimuth,pos_rate,STACAS,0.974606275
partially_annotated_batches_70,pos_rate,scANVI,0.972713954
partially_annotated_batches_70,pos_rate,scGEN,0.979306556
partially_annotated_batches_70,pos_rate,STACAS,0.976315468
partially_annotated_batches_50,pos_rate,scANVI,0.974178977
partially_annotated_batches_50,pos_rate,scGEN,0.983030155
partially_annotated_batches_50,pos_rate,STACAS,0.975766085
partially_annotated_batches_30,pos_rate,scANVI,0.977353193
partially_annotated_batches_30,pos_rate,scGEN,0.987303138
partially_annotated_batches_30,pos_rate,STACAS,0.976193383
mixing_at_edge_30,pos_rate,scANVI,0.970760591
mixing_at_edge_30,pos_rate,scGEN,0.970577463
mixing_at_edge_30,pos_rate,STACAS,0.97613234
mixing_at_edge_50,pos_rate,scANVI,0.970943719
mixing_at_edge_50,pos_rate,scGEN,0.974056892
mixing_at_edge_50,pos_rate,STACAS,0.975949213
mixing_at_edge_70,pos_rate,scANVI,0.972164571
mixing_at_edge_70,pos_rate,scGEN,0.977963619
mixing_at_edge_70,pos_rate,STACAS,0.976010255
randomly_missing_30,pos_rate,scANVI,0.980893664
randomly_missing_30,pos_rate,scGEN,0.986753754
randomly_missing_30,pos_rate,STACAS,0.976254426
randomly_missing_50,pos_rate,scANVI,0.977841533
randomly_missing_50,pos_rate,scGEN,0.985777072
randomly_missing_50,pos_rate,STACAS,0.975827127
randomly_missing_70,pos_rate,scANVI,0.980527408
randomly_missing_70,pos_rate,scGEN,0.981809303
randomly_missing_70,pos_rate,STACAS,0.97613234
unsupervised,pos_rate,scVI,0.964900501
unsupervised,pos_rate,Harmony,0.969722867
unsupervised,pos_rate,scCRAFT,0.966548651
unsupervised,pos_rate,Seurat,0.969295568
full_annotated_supervised,lisi_c,scANVI,0.997117666
full_annotated_supervised,lisi_c,scGEN,0.998928975
full_annotated_supervised,lisi_c,STACAS,0.997015879
CellAssign,lisi_c,scANVI,0.992363462
CellAssign,lisi_c,scGEN,0.993780525
CellAssign,lisi_c,STACAS,0.997071407
Azimuth,lisi_c,scANVI,0.995323292
Azimuth,lisi_c,scGEN,0.99678582
Azimuth,lisi_c,STACAS,0.996854878
partially_annotated_batches_70,lisi_c,scANVI,0.995804219
partially_annotated_batches_70,lisi_c,scGEN,0.995666177
partially_annotated_batches_70,lisi_c,STACAS,0.996744118
partially_annotated_batches_50,lisi_c,scANVI,0.995800148
partially_annotated_batches_50,lisi_c,scGEN,0.996546835
partially_annotated_batches_50,lisi_c,STACAS,0.9971372
partially_annotated_batches_30,lisi_c,scANVI,0.996130713
partially_annotated_batches_30,lisi_c,scGEN,0.997113871
partially_annotated_batches_30,lisi_c,STACAS,0.997056378
mixing_at_edge_30,lisi_c,scANVI,0.99592074
mixing_at_edge_30,lisi_c,scGEN,0.996662607
mixing_at_edge_30,lisi_c,STACAS,0.997102302
mixing_at_edge_50,lisi_c,scANVI,0.996035199
mixing_at_edge_50,lisi_c,scGEN,0.997059224
mixing_at_edge_50,lisi_c,STACAS,0.997129818
mixing_at_edge_70,lisi_c,scANVI,0.996356524
mixing_at_edge_70,lisi_c,scGEN,0.99739181
mixing_at_edge_70,lisi_c,STACAS,0.997186103
randomly_missing_30,lisi_c,scANVI,0.996452916
randomly_missing_30,lisi_c,scGEN,0.997479474
randomly_missing_30,lisi_c,STACAS,0.997050843
randomly_missing_50,lisi_c,scANVI,0.996161609
randomly_missing_50,lisi_c,scGEN,0.996873104
randomly_missing_50,lisi_c,STACAS,0.997016156
randomly_missing_70,lisi_c,scANVI,0.996789837
randomly_missing_70,lisi_c,scGEN,0.996156287
randomly_missing_70,lisi_c,STACAS,0.997058666
unsupervised,lisi_c,scVI,0.992555943
unsupervised,lisi_c,Harmony,0.996136684
unsupervised,lisi_c,scCRAFT,0.995127202
unsupervised,lisi_c,Seurat,0.995446138
full_annotated_supervised,lisi_f1,scANVI,0.437142576
full_annotated_supervised,lisi_f1,scGEN,0.425179552
full_annotated_supervised,lisi_f1,STACAS,0.414976797
CellAssign,lisi_f1,scANVI,0.412200657
CellAssign,lisi_f1,scGEN,0.204598397
CellAssign,lisi_f1,STACAS,0.369600907
Azimuth,lisi_f1,scANVI,0.437119643
Azimuth,lisi_f1,scGEN,0.431575296
Azimuth,lisi_f1,STACAS,0.387952577
partially_annotated_batches_70,lisi_f1,scANVI,0.423132744
partially_annotated_batches_70,lisi_f1,scGEN,0.166884421
partially_annotated_batches_70,lisi_f1,STACAS,0.387755541
partially_annotated_batches_50,lisi_f1,scANVI,0.425907441
partially_annotated_batches_50,lisi_f1,scGEN,0.150015103
partially_annotated_batches_50,lisi_f1,STACAS,0.351366298
partially_annotated_batches_30,lisi_f1,scANVI,0.435160178
partially_annotated_batches_30,lisi_f1,scGEN,0.240855535
partially_annotated_batches_30,lisi_f1,STACAS,0.364847035
mixing_at_edge_30,lisi_f1,scANVI,0.434487052
mixing_at_edge_30,lisi_f1,scGEN,0.435079229
mixing_at_edge_30,lisi_f1,STACAS,0.379214503
mixing_at_edge_50,lisi_f1,scANVI,0.445545971
mixing_at_edge_50,lisi_f1,scGEN,0.436895613
mixing_at_edge_50,lisi_f1,STACAS,0.378774409
mixing_at_edge_70,lisi_f1,scANVI,0.439397025
mixing_at_edge_70,lisi_f1,scGEN,0.427399089
mixing_at_edge_70,lisi_f1,STACAS,0.37846839
randomly_missing_30,lisi_f1,scANVI,0.438625189
randomly_missing_30,lisi_f1,scGEN,0.407624635
randomly_missing_30,lisi_f1,STACAS,0.379512658
randomly_missing_50,lisi_f1,scANVI,0.441843974
randomly_missing_50,lisi_f1,scGEN,0.36750311
randomly_missing_50,lisi_f1,STACAS,0.373679088
randomly_missing_70,lisi_f1,scANVI,0.435794192
randomly_missing_70,lisi_f1,scGEN,0.324099436
randomly_missing_70,lisi_f1,STACAS,0.367994703
unsupervised,lisi_f1,scVI,0.440058141
unsupervised,lisi_f1,Harmony,0.379317521
unsupervised,lisi_f1,scCRAFT,0.610746425
unsupervised,lisi_f1,Seurat,0.39942984
full_annotated_supervised,lisi_c,scDREAMER,0.997983014
full_annotated_supervised,lisi_c,ItClust,0.999262044
CellAssign,lisi_c,scDREAMER,0.98856055
CellAssign,lisi_c,ItClust,0.871535961
singleR,lisi_c,scDREAMER,0.98254725
singleR,lisi_c,ItClust,0.885520269
Azimuth,lisi_c,scDREAMER,0.995393
Azimuth,lisi_c,ItClust,0.995813975
partially_annotated_batches_70,lisi_c,scDREAMER,0.990556264
partially_annotated_batches_70,lisi_c,ItClust,0.978301535
partially_annotated_batches_50,lisi_c,scDREAMER,0.991809816
partially_annotated_batches_50,lisi_c,ItClust,0.982951253
partially_annotated_batches_30,lisi_c,scDREAMER,0.993550299
partially_annotated_batches_30,lisi_c,ItClust,0.948158088
mixing_at_edge_30,lisi_c,scDREAMER,0.995432937
mixing_at_edge_30,lisi_c,ItClust,0.996600783
mixing_at_edge_50,lisi_c,scDREAMER,0.995967
mixing_at_edge_50,lisi_c,ItClust,0.997215295
mixing_at_edge_70,lisi_c,scDREAMER,0.996345783
mixing_at_edge_70,lisi_c,ItClust,0.997749584
randomly_missing_30,lisi_c,scDREAMER,0.99582904
randomly_missing_30,lisi_c,ItClust,0.993997247
randomly_missing_50,lisi_c,scDREAMER,0.995442055
randomly_missing_50,lisi_c,ItClust,0.989017151
randomly_missing_70,lisi_c,scDREAMER,0.994287121
randomly_missing_70,lisi_c,ItClust,0.982765393
full_annotated_supervised,lisi_b,scDREAMER,0.414894043
full_annotated_supervised,lisi_b,ItClust,0.327749038
CellAssign,lisi_b,scDREAMER,0.398762053
CellAssign,lisi_b,ItClust,0.236829338
singleR,lisi_b,scDREAMER,0.370971626
singleR,lisi_b,ItClust,0.322170816
Azimuth,lisi_b,scDREAMER,0.406
Azimuth,lisi_b,ItClust,0.320450714
partially_annotated_batches_70,lisi_b,scDREAMER,0.28546849
partially_annotated_batches_70,lisi_b,ItClust,0.142166712
partially_annotated_batches_50,lisi_b,scDREAMER,0.220304751
partially_annotated_batches_50,lisi_b,ItClust,0.164128627
partially_annotated_batches_30,lisi_b,scDREAMER,0.221784877
partially_annotated_batches_30,lisi_b,ItClust,0.170369817
mixing_at_edge_30,lisi_b,scDREAMER,0.413875671
mixing_at_edge_30,lisi_b,ItClust,0.325542362
mixing_at_edge_50,lisi_b,scDREAMER,0.408873
mixing_at_edge_50,lisi_b,ItClust,0.323826377
mixing_at_edge_70,lisi_b,scDREAMER,0.412107384
mixing_at_edge_70,lisi_b,ItClust,0.329536603
randomly_missing_30,lisi_b,scDREAMER,0.422015647
randomly_missing_30,lisi_b,ItClust,0.351763444
randomly_missing_50,lisi_b,scDREAMER,0.410772
randomly_missing_50,lisi_b,ItClust,0.364462933
randomly_missing_70,lisi_b,scDREAMER,0.413402566
randomly_missing_70,lisi_b,ItClust,0.369987962
full_annotated_supervised,lisi_f1,scDREAMER,0.586119232
full_annotated_supervised,lisi_f1,ItClust,0.493601264
CellAssign,lisi_f1,scDREAMER,0.568289501
CellAssign,lisi_f1,ItClust,0.372449922
singleR,lisi_f1,scDREAMER,0.538591899
singleR,lisi_f1,ItClust,0.472453248
Azimuth,lisi_f1,scDREAMER,0.576754
Azimuth,lisi_f1,ItClust,0.484871017
partially_annotated_batches_70,lisi_f1,scDREAMER,0.443208645
partially_annotated_batches_70,lisi_f1,ItClust,0.248256768
partially_annotated_batches_50,lisi_f1,scDREAMER,0.36052766
partially_annotated_batches_50,lisi_f1,ItClust,0.281288936
partially_annotated_batches_30,lisi_f1,scDREAMER,0.362623308
partially_annotated_batches_30,lisi_f1,ItClust,0.2888395
mixing_at_edge_30,lisi_f1,scDREAMER,0.584663249
mixing_at_edge_30,lisi_f1,ItClust,0.490772537
mixing_at_edge_50,lisi_f1,scDREAMER,0.579744
mixing_at_edge_50,lisi_f1,ItClust,0.488893913
mixing_at_edge_70,lisi_f1,scDREAMER,0.583053046
mixing_at_edge_70,lisi_f1,ItClust,0.49543951
randomly_missing_30,lisi_f1,scDREAMER,0.592808846
randomly_missing_30,lisi_f1,ItClust,0.519634579
randomly_missing_50,lisi_f1,scDREAMER,0.581561139
randomly_missing_50,lisi_f1,ItClust,0.532641885
randomly_missing_70,lisi_f1,scDREAMER,0.583993548
randomly_missing_70,lisi_f1,ItClust,0.537587083
full_annotated_supervised,pos_rate,scDREAMER,0.995177634
full_annotated_supervised,pos_rate,ItClust,0.992369674
CellAssign,pos_rate,scDREAMER,0.940361372
CellAssign,pos_rate,ItClust,0.292699304
Azimuth,pos_rate,scDREAMER,0.970272
Azimuth,pos_rate,ItClust,0.967036992
singleR,pos_rate,scDREAMER,0.918935417
singleR,pos_rate,ItClust,0.305090953
partially_annotated_batches_70,pos_rate,scDREAMER,0.949395678
partially_annotated_batches_70,pos_rate,ItClust,0.878708338
partially_annotated_batches_50,pos_rate,scDREAMER,0.959650836
partially_annotated_batches_50,pos_rate,ItClust,0.898608229
partially_annotated_batches_30,pos_rate,scDREAMER,0.972042486
partially_annotated_batches_30,pos_rate,ItClust,0.744658772
mixing_at_edge_30,pos_rate,scDREAMER,0.969905994
mixing_at_edge_30,pos_rate,ItClust,0.970150165
mixing_at_edge_50,pos_rate,scDREAMER,0.97308021
mixing_at_edge_50,pos_rate,ItClust,0.973690636
mixing_at_edge_70,pos_rate,scDREAMER,0.978146746
mixing_at_edge_70,pos_rate,ItClust,0.9789403
randomly_missing_30,pos_rate,scDREAMER,0.981443047
randomly_missing_30,pos_rate,ItClust,0.959467708
randomly_missing_50,pos_rate,scDREAMER,0.974545233
randomly_missing_50,pos_rate,ItClust,0.930106214
randomly_missing_70,pos_rate,scDREAMER,0.965388841
randomly_missing_70,pos_rate,ItClust,0.913014284
full_annotated_supervised,truepos_rate,scDREAMER,0.665913808
full_annotated_supervised,truepos_rate,ItClust,0.224331583
CellAssign,truepos_rate,scDREAMER,0.568672934
CellAssign,truepos_rate,ItClust,0.04938347
Azimuth,truepos_rate,scDREAMER,0.622635
Azimuth,truepos_rate,ItClust,0.228116225
singleR,truepos_rate,scDREAMER,0.285984617
singleR,truepos_rate,ItClust,0.083201074
partially_annotated_batches_70,truepos_rate,scDREAMER,0.142839702
partially_annotated_batches_70,truepos_rate,ItClust,0.010377243
partially_annotated_batches_50,truepos_rate,scDREAMER,0.025943108
partially_annotated_batches_50,truepos_rate,ItClust,0.019472592
partially_annotated_batches_30,truepos_rate,scDREAMER,0.011048712
partially_annotated_batches_30,truepos_rate,ItClust,0.003906727
mixing_at_edge_30,truepos_rate,scDREAMER,0.645281406
mixing_at_edge_30,truepos_rate,ItClust,0.202112074
mixing_at_edge_50,truepos_rate,scDREAMER,0.618117446
mixing_at_edge_50,truepos_rate,ItClust,0.190513979
mixing_at_edge_70,truepos_rate,scDREAMER,0.644304725
mixing_at_edge_70,truepos_rate,ItClust,0.242827494
randomly_missing_30,truepos_rate,scDREAMER,0.683005738
randomly_missing_30,truepos_rate,ItClust,0.268770602
randomly_missing_50,truepos_rate,scDREAMER,0.631974118
randomly_missing_50,truepos_rate,ItClust,0.265901599
randomly_missing_70,truepos_rate,scDREAMER,0.586802588
randomly_missing_70,truepos_rate,ItClust,0.311134172
full_annotated_supervised,NMI_cluster/label,scDREAMER,0.972932819
full_annotated_supervised,ARI_cluster/label,scDREAMER,0.9894366
full_annotated_supervised,ASW_label,scDREAMER,0.644190603
full_annotated_supervised,ASW_label/batch,scDREAMER,0.854381423
full_annotated_supervised,isolated_label_F1,scDREAMER,0.134615385
full_annotated_supervised,isolated_label_silhouette,scDREAMER,0.694289892
full_annotated_supervised,graph_conn,scDREAMER,0.999444593
full_annotated_supervised,NMI_cluster/label,ItClust,0.970592126
full_annotated_supervised,ARI_cluster/label,ItClust,0.985324653
full_annotated_supervised,ASW_label,ItClust,0.968125274
full_annotated_supervised,ASW_label/batch,ItClust,0.784868146
full_annotated_supervised,isolated_label_F1,ItClust,0.097222222
full_annotated_supervised,isolated_label_silhouette,ItClust,0.631946806
full_annotated_supervised,graph_conn,ItClust,0.997219025
CellAssign,NMI_cluster/label,scDREAMER,0.801143736
CellAssign,ARI_cluster/label,scDREAMER,0.850342698
CellAssign,ASW_label,scDREAMER,0.580423435
CellAssign,ASW_label/batch,scDREAMER,0.858973684
CellAssign,isolated_label_F1,scDREAMER,0.088607595
CellAssign,isolated_label_silhouette,scDREAMER,0.611354664
CellAssign,graph_conn,scDREAMER,0.952315259
CellAssign,NMI_cluster/label,ItClust,0.179473268
CellAssign,ARI_cluster/label,ItClust,0.036055641
CellAssign,ASW_label,ItClust,0.301336368
CellAssign,ASW_label/batch,ItClust,0.421973558
CellAssign,isolated_label_F1,ItClust,0.7
CellAssign,isolated_label_silhouette,ItClust,0.923512632
CellAssign,graph_conn,ItClust,0.69182369
singleR,NMI_cluster/label,scDREAMER,0.655245477
singleR,ARI_cluster/label,scDREAMER,0.529016575
singleR,ASW_label,scDREAMER,0.560738527
singleR,ASW_label/batch,scDREAMER,0.85356391
singleR,isolated_label_F1,scDREAMER,0.090909091
singleR,isolated_label_silhouette,scDREAMER,0.568175483
singleR,graph_conn,scDREAMER,0.908653757
singleR,NMI_cluster/label,ItClust,0.245646162
singleR,ARI_cluster/label,ItClust,0.123098491
singleR,ASW_label,ItClust,0.389943681
singleR,ASW_label/batch,ItClust,0.479234275
singleR,isolated_label_F1,ItClust,0.088888889
singleR,isolated_label_silhouette,ItClust,0.659013432
singleR,graph_conn,ItClust,0.558387051
partially_annotated_batches_70,NMI_cluster/label,scDREAMER,0.781628935
partially_annotated_batches_70,ARI_cluster/label,scDREAMER,0.717943162
partially_annotated_batches_70,ASW_label,scDREAMER,0.581930844
partially_annotated_batches_70,ASW_label/batch,scDREAMER,0.862126427
partially_annotated_batches_70,isolated_label_F1,scDREAMER,0.086330935
partially_annotated_batches_70,isolated_label_silhouette,scDREAMER,0.558252619
partially_annotated_batches_70,graph_conn,scDREAMER,0.902194143
partially_annotated_batches_70,NMI_cluster/label,ItClust,0.542123405
partially_annotated_batches_70,ARI_cluster/label,ItClust,0.326832032
partially_annotated_batches_70,ASW_label,ItClust,0.17043989
partially_annotated_batches_70,ASW_label/batch,ItClust,0.618188713
partially_annotated_batches_70,isolated_label_F1,ItClust,0.028985507
partially_annotated_batches_70,isolated_label_silhouette,ItClust,0.959056939
partially_annotated_batches_70,graph_conn,ItClust,0.71020724
partially_annotated_batches_50,NMI_cluster/label,scDREAMER,0.770708086
partially_annotated_batches_50,ARI_cluster/label,scDREAMER,0.597074387
partially_annotated_batches_50,ASW_label,scDREAMER,0.569004743
partially_annotated_batches_50,ASW_label/batch,scDREAMER,0.87200859
partially_annotated_batches_50,isolated_label_F1,scDREAMER,0.095238095
partially_annotated_batches_50,isolated_label_silhouette,scDREAMER,0.542457454
partially_annotated_batches_50,graph_conn,scDREAMER,0.90208038
partially_annotated_batches_50,NMI_cluster/label,ItClust,0.532765696
partially_annotated_batches_50,ARI_cluster/label,ItClust,0.300299533
partially_annotated_batches_50,ASW_label,ItClust,0.18636673
partially_annotated_batches_50,ASW_label/batch,ItClust,0.640687868
partially_annotated_batches_50,isolated_label_F1,ItClust,0.012269939
partially_annotated_batches_50,isolated_label_silhouette,ItClust,0.955165923
partially_annotated_batches_50,graph_conn,ItClust,0.684559743
partially_annotated_batches_30,NMI_cluster/label,scDREAMER,0.783693188
partially_annotated_batches_30,ARI_cluster/label,scDREAMER,0.628033601
partially_annotated_batches_30,ASW_label,scDREAMER,0.583000581
partially_annotated_batches_30,ASW_label/batch,scDREAMER,0.880621677
partially_annotated_batches_30,isolated_label_F1,scDREAMER,0.103703704
partially_annotated_batches_30,isolated_label_silhouette,scDREAMER,0.613774732
partially_annotated_batches_30,graph_conn,scDREAMER,0.957657289
partially_annotated_batches_30,NMI_cluster/label,ItClust,0.547900079
partially_annotated_batches_30,ARI_cluster/label,ItClust,0.343699398
partially_annotated_batches_30,ASW_label,ItClust,0.580600956
partially_annotated_batches_30,ASW_label/batch,ItClust,0.718471735
partially_annotated_batches_30,isolated_label_F1,ItClust,0.107142857
partially_annotated_batches_30,isolated_label_silhouette,ItClust,0.483744475
partially_annotated_batches_30,graph_conn,ItClust,0.620191735
Azimuth,NMI_cluster/label,scDREAMER,0.914367934
Azimuth,ARI_cluster/label,scDREAMER,0.945235
Azimuth,ASW_label,scDREAMER,0.654121
Azimuth,ASW_label/batch,scDREAMER,0.852193
Azimuth,isolated_label_F1,scDREAMER,0.103704
Azimuth,isolated_label_silhouette,scDREAMER,0.530034
Azimuth,graph_conn,scDREAMER,0.967118
Azimuth,NMI_cluster/label,ItClust,0.914182612
Azimuth,ARI_cluster/label,ItClust,0.947363971
Azimuth,ASW_label,ItClust,0.93238811
Azimuth,ASW_label/batch,ItClust,0.641748227
Azimuth,isolated_label_F1,ItClust,0.104477612
Azimuth,isolated_label_silhouette,ItClust,0.667836098
Azimuth,graph_conn,ItClust,0.913916476
mixing_at_edge_30,NMI_cluster/label,scDREAMER,0.918311219
mixing_at_edge_30,ARI_cluster/label,scDREAMER,0.954270056
mixing_at_edge_30,ASW_label,scDREAMER,0.646466972
mixing_at_edge_30,ASW_label/batch,scDREAMER,0.85953806
mixing_at_edge_30,isolated_label_F1,scDREAMER,0.088888889
mixing_at_edge_30,isolated_label_silhouette,scDREAMER,0.579817658
mixing_at_edge_30,graph_conn,scDREAMER,0.934461726
mixing_at_edge_30,NMI_cluster/label,ItClust,0.92215641
mixing_at_edge_30,ARI_cluster/label,ItClust,0.957577698
mixing_at_edge_30,ASW_label,ItClust,0.940438448
mixing_at_edge_30,ASW_label/batch,ItClust,0.567239604
mixing_at_edge_30,isolated_label_F1,ItClust,0.104166667
mixing_at_edge_30,isolated_label_silhouette,ItClust,0.422430676
mixing_at_edge_30,graph_conn,ItClust,0.88169486
mixing_at_edge_50,NMI_cluster/label,scDREAMER,0.92624471
mixing_at_edge_50,ARI_cluster/label,scDREAMER,0.95844578
mixing_at_edge_50,ASW_label,scDREAMER,0.65089256
mixing_at_edge_50,ASW_label/batch,scDREAMER,0.86394678
mixing_at_edge_50,isolated_label_F1,scDREAMER,0.11320755
mixing_at_edge_50,isolated_label_silhouette,scDREAMER,0.51024261
mixing_at_edge_50,graph_conn,scDREAMER,0.94156389
mixing_at_edge_50,NMI_cluster/label,ItClust,0.925854502
mixing_at_edge_50,ARI_cluster/label,ItClust,0.959936661
mixing_at_edge_50,ASW_label,ItClust,0.943874389
mixing_at_edge_50,ASW_label/batch,ItClust,0.591817191
mixing_at_edge_50,isolated_label_F1,ItClust,0.127659574
mixing_at_edge_50,isolated_label_silhouette,ItClust,0.204973019
mixing_at_edge_50,graph_conn,ItClust,0.916208565
mixing_at_edge_70,NMI_cluster/label,scDREAMER,0.936762536
mixing_at_edge_70,ARI_cluster/label,scDREAMER,0.964482084
mixing_at_edge_70,ASW_label,scDREAMER,0.646681453
mixing_at_edge_70,ASW_label/batch,scDREAMER,0.854375032
mixing_at_edge_70,isolated_label_F1,scDREAMER,0.089552239
mixing_at_edge_70,isolated_label_silhouette,scDREAMER,0.563319432
mixing_at_edge_70,graph_conn,scDREAMER,0.929990699
mixing_at_edge_70,NMI_cluster/label,ItClust,0.940708744
mixing_at_edge_70,ARI_cluster/label,ItClust,0.96743712
mixing_at_edge_70,ASW_label,ItClust,0.950525899
mixing_at_edge_70,ASW_label/batch,ItClust,0.649976839
mixing_at_edge_70,isolated_label_F1,ItClust,0.140350877
mixing_at_edge_70,isolated_label_silhouette,ItClust,0.301908111
mixing_at_edge_70,graph_conn,ItClust,0.90823416
randomly_missing_30,NMI_cluster/label,scDREAMER,0.810902821
randomly_missing_30,ARI_cluster/label,scDREAMER,0.66794517
randomly_missing_30,ASW_label,scDREAMER,0.636166565
randomly_missing_30,ASW_label/batch,scDREAMER,0.844459762
randomly_missing_30,isolated_label_F1,scDREAMER,0.13592233
randomly_missing_30,isolated_label_silhouette,scDREAMER,0.601253309
randomly_missing_30,graph_conn,scDREAMER,0.950429902
randomly_missing_30,NMI_cluster/label,ItClust,0.732501176
randomly_missing_30,ARI_cluster/label,ItClust,0.630460196
randomly_missing_30,ASW_label,ItClust,0.745466616
randomly_missing_30,ASW_label/batch,ItClust,0.512917453
randomly_missing_30,isolated_label_F1,ItClust,0.085106383
randomly_missing_30,isolated_label_silhouette,ItClust,0.253736034
randomly_missing_30,graph_conn,ItClust,0.808884267
randomly_missing_50,NMI_cluster/label,scDREAMER,0.914659975
randomly_missing_50,ARI_cluster/label,scDREAMER,0.950773262
randomly_missing_50,ASW_label,scDREAMER,0.642143892
randomly_missing_50,ASW_label/batch,scDREAMER,0.8522695
randomly_missing_50,isolated_label_F1,scDREAMER,0.105263158
randomly_missing_50,isolated_label_silhouette,scDREAMER,0.593109992
randomly_missing_50,graph_conn,scDREAMER,0.963477941
randomly_missing_50,NMI_cluster/label,ItClust,0.640584245
randomly_missing_50,ARI_cluster/label,ItClust,0.40871497
randomly_missing_50,ASW_label,ItClust,0.603455601
randomly_missing_50,ASW_label/batch,ItClust,0.536856215
randomly_missing_50,isolated_label_F1,ItClust,0.105263158
randomly_missing_50,isolated_label_silhouette,ItClust,0.318277215
randomly_missing_50,graph_conn,ItClust,0.510983411
randomly_missing_70,NMI_cluster/label,scDREAMER,0.904163617
randomly_missing_70,ARI_cluster/label,scDREAMER,0.942439228
randomly_missing_70,ASW_label,scDREAMER,0.65198854
randomly_missing_70,ASW_label/batch,scDREAMER,0.859559142
randomly_missing_70,isolated_label_F1,scDREAMER,0.259259259
randomly_missing_70,isolated_label_silhouette,scDREAMER,0.606250783
randomly_missing_70,graph_conn,scDREAMER,0.963220618
randomly_missing_70,NMI_cluster/label,ItClust,0.618356175
randomly_missing_70,ARI_cluster/label,ItClust,0.397784907
randomly_missing_70,ASW_label,ItClust,0.518668901
randomly_missing_70,ASW_label/batch,ItClust,0.513973665
randomly_missing_70,isolated_label_F1,ItClust,0.119402985
randomly_missing_70,isolated_label_silhouette,ItClust,0.380689933
randomly_missing_70,graph_conn,ItClust,0.652410201
full_annotated_supervised,kBET,scDREAMER,0.771715284
full_annotated_supervised,kBET,ItClust,0.66129029
CellAssign,kBET,scDREAMER,0.584016883
CellAssign,kBET,ItClust,0.216005663
Azimuth,kBET,scDREAMER,0.621005255
Azimuth,kBET,ItClust,0.482678169
singleR,kBET,scDREAMER,0.582910033
singleR,kBET,ItClust,0.299512568
partially_annotated_batches_70,kBET,scDREAMER,0.352605085
partially_annotated_batches_70,kBET,ItClust,0.219346404
partially_annotated_batches_50,kBET,scDREAMER,0.266326159
partially_annotated_batches_50,kBET,ItClust,0.218938846
partially_annotated_batches_30,kBET,scDREAMER,0.259638305
partially_annotated_batches_30,kBET,ItClust,0.20467767
mixing_at_edge_30,kBET,scDREAMER,0.623246004
mixing_at_edge_30,kBET,ItClust,0.471398351
mixing_at_edge_50,kBET,scDREAMER,0.699729881
mixing_at_edge_50,kBET,ItClust,0.478569818
mixing_at_edge_70,kBET,scDREAMER,0.700689071
mixing_at_edge_70,kBET,ItClust,0.482726184
randomly_missing_30,kBET,scDREAMER,0.727055487
randomly_missing_30,kBET,ItClust,0.453664896
randomly_missing_50,kBET,scDREAMER,0.617922334
randomly_missing_50,kBET,ItClust,0.374251911
randomly_missing_70,kBET,scDREAMER,0.693737831
randomly_missing_70,kBET,ItClust,0.460278184
singleR,kBET,scANVI,0.543608
singleR,kBET,scGEN,0.278147
singleR,kBET,STACAS,0.474779
singleR,lisi_c,scANVI,0.991941
singleR,lisi_c,scGEN,0.991172
singleR,lisi_c,STACAS,0.996943
singleR,lisi_b,scANVI,0.274837
singleR,lisi_b,scGEN,0.149911
singleR,lisi_b,STACAS,0.223044
singleR,lisi_f1,scANVI,0.430419
singleR,lisi_f1,scGEN,0.260433
singleR,lisi_f1,STACAS,0.364532
missing_and_mixing_at_edge_70,NMI_cluster/label,scANVI,0.910128127
missing_and_mixing_at_edge_70,ARI_cluster/label,scANVI,0.94244662
missing_and_mixing_at_edge_70,ASW_label,scANVI,0.592164477
missing_and_mixing_at_edge_70,ASW_label/batch,scANVI,0.880510925
missing_and_mixing_at_edge_70,isolated_label_F1,scANVI,0.089171975
missing_and_mixing_at_edge_70,isolated_label_silhouette,scANVI,0.67927491
missing_and_mixing_at_edge_70,graph_conn,scANVI,0.983146153
missing_and_mixing_at_edge_70,NMI_cluster/label,scGEN,0.91411183
missing_and_mixing_at_edge_70,ARI_cluster/label,scGEN,0.951860478
missing_and_mixing_at_edge_70,ASW_label,scGEN,0.632635087
missing_and_mixing_at_edge_70,ASW_label/batch,scGEN,0.840911784
missing_and_mixing_at_edge_70,isolated_label_F1,scGEN,0.13592233
missing_and_mixing_at_edge_70,isolated_label_silhouette,scGEN,0.61337756
missing_and_mixing_at_edge_70,graph_conn,scGEN,0.952898053
missing_and_mixing_at_edge_70,NMI_cluster/label,STACAS,0.925473221
missing_and_mixing_at_edge_70,ARI_cluster/label,STACAS,0.956249033
missing_and_mixing_at_edge_70,ASW_label,STACAS,0.681645225
missing_and_mixing_at_edge_70,ASW_label/batch,STACAS,0.858004298
missing_and_mixing_at_edge_70,isolated_label_F1,STACAS,0.126315789
missing_and_mixing_at_edge_70,isolated_label_silhouette,STACAS,0.698942353
missing_and_mixing_at_edge_70,graph_conn,STACAS,0.984138663
missing_and_mixing_at_edge_70,NMI_cluster/label,scDREAMER,0.911855543
missing_and_mixing_at_edge_70,ARI_cluster/label,scDREAMER,0.948904251
missing_and_mixing_at_edge_70,ASW_label,scDREAMER,0.696293381
missing_and_mixing_at_edge_70,ASW_label/batch,scDREAMER,0.849763745
missing_and_mixing_at_edge_70,isolated_label_F1,scDREAMER,0.100719424
missing_and_mixing_at_edge_70,isolated_label_silhouette,scDREAMER,0.679571114
missing_and_mixing_at_edge_70,graph_conn,scDREAMER,0.96485287
missing_and_mixing_at_edge_70,NMI_cluster/label,ItClust,0.795664712
missing_and_mixing_at_edge_70,ARI_cluster/label,ItClust,0.638778118
missing_and_mixing_at_edge_70,ASW_label,ItClust,0.935857004
missing_and_mixing_at_edge_70,ASW_label/batch,ItClust,0.56284955
missing_and_mixing_at_edge_70,isolated_label_F1,ItClust,0.088888889
missing_and_mixing_at_edge_70,isolated_label_silhouette,ItClust,0.274910883
missing_and_mixing_at_edge_70,graph_conn,ItClust,0.841955816
missing_and_mixing_at_edge_50,NMI_cluster/label,scANVI,0.915716374
missing_and_mixing_at_edge_50,ARI_cluster/label,scANVI,0.947190478
missing_and_mixing_at_edge_50,ASW_label,scANVI,0.600636108
missing_and_mixing_at_edge_50,ASW_label/batch,scANVI,0.881499975
missing_and_mixing_at_edge_50,isolated_label_F1,scANVI,0.090909091
missing_and_mixing_at_edge_50,isolated_label_silhouette,scANVI,0.671574191
missing_and_mixing_at_edge_50,graph_conn,scANVI,0.986548765
missing_and_mixing_at_edge_50,NMI_cluster/label,scGEN,0.919817751
missing_and_mixing_at_edge_50,ARI_cluster/label,scGEN,0.959103557
missing_and_mixing_at_edge_50,ASW_label,scGEN,0.628104686
missing_and_mixing_at_edge_50,ASW_label/batch,scGEN,0.8190859
missing_and_mixing_at_edge_50,isolated_label_F1,scGEN,0.12371134
missing_and_mixing_at_edge_50,isolated_label_silhouette,scGEN,0.621821985
missing_and_mixing_at_edge_50,graph_conn,scGEN,0.931147476
missing_and_mixing_at_edge_50,NMI_cluster/label,STACAS,0.927040052
missing_and_mixing_at_edge_50,ARI_cluster/label,STACAS,0.956531102
missing_and_mixing_at_edge_50,ASW_label,STACAS,0.681685413
missing_and_mixing_at_edge_50,ASW_label/batch,STACAS,0.855460034
missing_and_mixing_at_edge_50,isolated_label_F1,STACAS,0.127659574
missing_and_mixing_at_edge_50,isolated_label_silhouette,STACAS,0.693321238
missing_and_mixing_at_edge_50,graph_conn,STACAS,0.98603493
missing_and_mixing_at_edge_50,NMI_cluster/label,scDREAMER,0.921458718
missing_and_mixing_at_edge_50,ARI_cluster/label,scDREAMER,0.955986306
missing_and_mixing_at_edge_50,ASW_label,scDREAMER,0.696364511
missing_and_mixing_at_edge_50,ASW_label/batch,scDREAMER,0.854307404
missing_and_mixing_at_edge_50,isolated_label_F1,scDREAMER,0.172839506
missing_and_mixing_at_edge_50,isolated_label_silhouette,scDREAMER,0.691830633
missing_and_mixing_at_edge_50,graph_conn,scDREAMER,0.965803933
missing_and_mixing_at_edge_50,NMI_cluster/label,ItClust,0.841731914
missing_and_mixing_at_edge_50,ARI_cluster/label,ItClust,0.718045532
missing_and_mixing_at_edge_50,ASW_label,ItClust,0.944244729
missing_and_mixing_at_edge_50,ASW_label/batch,ItClust,0.577853464
missing_and_mixing_at_edge_50,isolated_label_F1,ItClust,0.150943396
missing_and_mixing_at_edge_50,isolated_label_silhouette,ItClust,0.300097083
missing_and_mixing_at_edge_50,graph_conn,ItClust,0.894274938
missing_and_mixing_at_edge_30,NMI_cluster/label,scANVI,0.916882592
missing_and_mixing_at_edge_30,ARI_cluster/label,scANVI,0.948564905
missing_and_mixing_at_edge_30,ASW_label,scANVI,0.590470611
missing_and_mixing_at_edge_30,ASW_label/batch,scANVI,0.883320213
missing_and_mixing_at_edge_30,isolated_label_F1,scANVI,0.12962963
missing_and_mixing_at_edge_30,isolated_label_silhouette,scANVI,0.708354232
missing_and_mixing_at_edge_30,graph_conn,scANVI,0.987801555
missing_and_mixing_at_edge_30,NMI_cluster/label,scGEN,0.937384617
missing_and_mixing_at_edge_30,ARI_cluster/label,scGEN,0.965667975
missing_and_mixing_at_edge_30,ASW_label,scGEN,0.635293097
missing_and_mixing_at_edge_30,ASW_label/batch,scGEN,0.808183746
missing_and_mixing_at_edge_30,isolated_label_F1,scGEN,0.109090909
missing_and_mixing_at_edge_30,isolated_label_silhouette,scGEN,0.544760708
missing_and_mixing_at_edge_30,graph_conn,scGEN,0.933870318
missing_and_mixing_at_edge_30,NMI_cluster/label,STACAS,0.926703252
missing_and_mixing_at_edge_30,ARI_cluster/label,STACAS,0.957062933
missing_and_mixing_at_edge_30,ASW_label,STACAS,0.682492436
missing_and_mixing_at_edge_30,ASW_label/batch,STACAS,0.85472908
missing_and_mixing_at_edge_30,isolated_label_F1,STACAS,0.126315789
missing_and_mixing_at_edge_30,isolated_label_silhouette,STACAS,0.694942989
missing_and_mixing_at_edge_30,graph_conn,STACAS,0.973343867
missing_and_mixing_at_edge_30,NMI_cluster/label,scDREAMER,0.932427607
missing_and_mixing_at_edge_30,ARI_cluster/label,scDREAMER,0.961772033
missing_and_mixing_at_edge_30,ASW_label,scDREAMER,0.696737166
missing_and_mixing_at_edge_30,ASW_label/batch,scDREAMER,0.853368288
missing_and_mixing_at_edge_30,isolated_label_F1,scDREAMER,0.202898551
missing_and_mixing_at_edge_30,isolated_label_silhouette,scDREAMER,0.696519279
missing_and_mixing_at_edge_30,graph_conn,scDREAMER,0.985316198
missing_and_mixing_at_edge_30,NMI_cluster/label,ItClust,0.880958578
missing_and_mixing_at_edge_30,ARI_cluster/label,ItClust,0.791620474
missing_and_mixing_at_edge_30,ASW_label,ItClust,0.946142
missing_and_mixing_at_edge_30,ASW_label/batch,ItClust,0.640528638
missing_and_mixing_at_edge_30,isolated_label_F1,ItClust,0.057971014
missing_and_mixing_at_edge_30,isolated_label_silhouette,ItClust,0.214180241
missing_and_mixing_at_edge_30,graph_conn,ItClust,0.923751358
missing_and_mixing_at_edge_70,lisi_c,scANVI,0.99522156
missing_and_mixing_at_edge_70,lisi_c,scGEN,0.996295191
missing_and_mixing_at_edge_70,lisi_c,STACAS,0.997102302
missing_and_mixing_at_edge_70,lisi_c,scDREAMER,0.996134778
missing_and_mixing_at_edge_70,lisi_c,ItClust,0.995321085
missing_and_mixing_at_edge_50,lisi_c,scANVI,0.995575104
missing_and_mixing_at_edge_50,lisi_c,scGEN,0.996308726
missing_and_mixing_at_edge_50,lisi_c,STACAS,0.997129818
missing_and_mixing_at_edge_50,lisi_c,scDREAMER,0.996364476
missing_and_mixing_at_edge_50,lisi_c,ItClust,0.996539831
missing_and_mixing_at_edge_30,lisi_c,scANVI,0.995414032
missing_and_mixing_at_edge_30,lisi_c,scGEN,0.997214549
missing_and_mixing_at_edge_30,lisi_c,STACAS,0.997186103
missing_and_mixing_at_edge_30,lisi_c,scDREAMER,0.996804421
missing_and_mixing_at_edge_30,lisi_c,ItClust,0.997419336
missing_and_mixing_at_edge_70,lisi_b,scANVI,0.280780564
missing_and_mixing_at_edge_70,lisi_b,scGEN,0.271285472
missing_and_mixing_at_edge_70,lisi_b,STACAS,0.234128775
missing_and_mixing_at_edge_70,lisi_b,scDREAMER,0.366811214
missing_and_mixing_at_edge_70,lisi_b,ItClust,0.332858591
missing_and_mixing_at_edge_50,lisi_b,scANVI,0.283686319
missing_and_mixing_at_edge_50,lisi_b,scGEN,0.27242981
missing_and_mixing_at_edge_50,lisi_b,STACAS,0.233791836
missing_and_mixing_at_edge_50,lisi_b,scDREAMER,0.367525766
missing_and_mixing_at_edge_50,lisi_b,ItClust,0.329191349
missing_and_mixing_at_edge_30,lisi_b,scANVI,0.282891848
missing_and_mixing_at_edge_30,lisi_b,scGEN,0.273662382
missing_and_mixing_at_edge_30,lisi_b,STACAS,0.23355562
missing_and_mixing_at_edge_30,lisi_b,scDREAMER,0.36832409
missing_and_mixing_at_edge_30,lisi_b,ItClust,0.332018796
missing_and_mixing_at_edge_70,lisi_f1,scANVI,0.437991232
missing_and_mixing_at_edge_70,lisi_f1,scGEN,0.426450828
missing_and_mixing_at_edge_70,lisi_f1,STACAS,0.379214503
missing_and_mixing_at_edge_70,lisi_f1,scDREAMER,0.536181785
missing_and_mixing_at_edge_70,lisi_f1,ItClust,0.498880054
missing_and_mixing_at_edge_50,lisi_f1,scANVI,0.441553276
missing_and_mixing_at_edge_50,lisi_f1,scGEN,0.427864669
missing_and_mixing_at_edge_50,lisi_f1,STACAS,0.378774409
missing_and_mixing_at_edge_50,lisi_f1,scDREAMER,0.536978132
missing_and_mixing_at_edge_50,lisi_f1,ItClust,0.494900167
missing_and_mixing_at_edge_30,lisi_f1,scANVI,0.440574544
missing_and_mixing_at_edge_30,lisi_f1,scGEN,0.429467405
missing_and_mixing_at_edge_30,lisi_f1,STACAS,0.378468389
missing_and_mixing_at_edge_30,lisi_f1,scDREAMER,0.537893801
missing_and_mixing_at_edge_30,lisi_f1,ItClust,0.498198388
missing_and_mixing_at_edge_70,kBET,scANVI,0.531508552
missing_and_mixing_at_edge_70,kBET,scGEN,0.463684844
missing_and_mixing_at_edge_70,kBET,STACAS,0.477319156
missing_and_mixing_at_edge_70,kBET,scDREAMER,0.5569442
missing_and_mixing_at_edge_70,kBET,ItClust,0.468361319
missing_and_mixing_at_edge_50,kBET,scANVI,0.511342137
missing_and_mixing_at_edge_50,kBET,scGEN,0.473580091
missing_and_mixing_at_edge_50,kBET,STACAS,0.478407247
missing_and_mixing_at_edge_50,kBET,scDREAMER,0.572156288
missing_and_mixing_at_edge_50,kBET,ItClust,0.504621348
missing_and_mixing_at_edge_30,kBET,scANVI,0.529634432
missing_and_mixing_at_edge_30,kBET,scGEN,0.397574133
missing_and_mixing_at_edge_30,kBET,STACAS,0.476150443
missing_and_mixing_at_edge_30,kBET,scDREAMER,0.576106267
missing_and_mixing_at_edge_30,kBET,ItClust,0.461612932
missing_and_mixing_at_edge_70,pos_rate,scANVI,0.96966182
missing_and_mixing_at_edge_70,pos_rate,scGEN,0.96746429
missing_and_mixing_at_edge_70,pos_rate,STACAS,0.97613234
missing_and_mixing_at_edge_70,pos_rate,scDREAMER,0.97222561
missing_and_mixing_at_edge_70,pos_rate,ItClust,0.96691491
missing_and_mixing_at_edge_50,pos_rate,scANVI,0.96972287
missing_and_mixing_at_edge_50,pos_rate,scGEN,0.97161519
missing_and_mixing_at_edge_50,pos_rate,STACAS,0.97594921
missing_and_mixing_at_edge_50,pos_rate,scDREAMER,0.97393481
missing_and_mixing_at_edge_50,pos_rate,ItClust,0.97167623
missing_and_mixing_at_edge_30,pos_rate,scANVI,0.97161519
missing_and_mixing_at_edge_30,pos_rate,scGEN,0.97686485
missing_and_mixing_at_edge_30,pos_rate,STACAS,0.97601026
missing_and_mixing_at_edge_30,pos_rate,scDREAMER,0.9789403
missing_and_mixing_at_edge_30,pos_rate,ItClust,0.97753632
missing_and_mixing_at_edge_70,truepos_rate,scANVI,0.14265657
missing_and_mixing_at_edge_70,truepos_rate,scGEN,0.14174094
missing_and_mixing_at_edge_70,truepos_rate,STACAS,0.06531559
missing_and_mixing_at_edge_70,truepos_rate,scDREAMER,0.41234282
missing_and_mixing_at_edge_70,truepos_rate,ItClust,0.17830546
missing_and_mixing_at_edge_50,truepos_rate,scANVI,0.14338909
missing_and_mixing_at_edge_50,truepos_rate,scGEN,0.14143572
missing_and_mixing_at_edge_50,truepos_rate,STACAS,0.06378953
missing_and_mixing_at_edge_50,truepos_rate,scDREAMER,0.4166158
missing_and_mixing_at_edge_50,truepos_rate,ItClust,0.22884874
missing_and_mixing_at_edge_30,truepos_rate,scANVI,0.1494323
missing_and_mixing_at_edge_30,truepos_rate,scGEN,0.15053107
missing_and_mixing_at_edge_30,truepos_rate,STACAS,0.06446099
missing_and_mixing_at_edge_30,truepos_rate,scDREAMER,0.42070565
missing_and_mixing_at_edge_30,truepos_rate,ItClust,0.19765596
unsupervised,NMI_cluster/label,scanorama,0.924127
unsupervised,ARI_cluster/label,scanorama,0.955929
unsupervised,ASW_label,scanorama,0.591414
unsupervised,ASW_label/batch,scanorama,0.923887
unsupervised,isolated_label_F1,scanorama,0.106061
unsupervised,isolated_label_silhouette,scanorama,0.604791
unsupervised,graph_conn,scanorama,0.981614
unsupervised,lisi_c,scanorama,0.997
unsupervised,lisi_b,scanorama,0.161
unsupervised,lisi_f1,scanorama,0.278
unsupervised,kBET,scanorama,0.407623
unsupervised,pos_rate,scanorama,0.981077
unsupervised,truepos_rate,scanorama,0.026004
randomly_wrong_30,NMI_cluster/label,scANVI,0.917511394
randomly_wrong_30,ARI_cluster/label,scANVI,0.949183055
randomly_wrong_30,ASW_label,scANVI,0.56842376
randomly_wrong_30,ASW_label/batch,scANVI,0.885048718
randomly_wrong_30,isolated_label_F1,scANVI,0.141414141
randomly_wrong_30,isolated_label_silhouette,scANVI,0.665791199
randomly_wrong_30,graph_conn,scANVI,0.988636355
randomly_wrong_30,NMI_cluster/label,scGEN,0.839608743
randomly_wrong_30,ARI_cluster/label,scGEN,0.876809148
randomly_wrong_30,ASW_label,scGEN,0.585238671
randomly_wrong_30,ASW_label/batch,scGEN,0.911918381
randomly_wrong_30,isolated_label_F1,scGEN,0.106060606
randomly_wrong_30,isolated_label_silhouette,scGEN,0.640576294
randomly_wrong_30,graph_conn,scGEN,0.982130487
randomly_wrong_30,NMI_cluster/label,STACAS,0.927877294
randomly_wrong_30,ARI_cluster/label,STACAS,0.958560023
randomly_wrong_30,ASW_label,STACAS,0.698608791
randomly_wrong_30,ASW_label/batch,STACAS,0.853063294
randomly_wrong_30,isolated_label_F1,STACAS,0.097902098
randomly_wrong_30,isolated_label_silhouette,STACAS,0.71239628
randomly_wrong_30,graph_conn,STACAS,0.984541559
randomly_wrong_30,NMI_cluster/label,scDREAMER,0.742413078
randomly_wrong_30,ARI_cluster/label,scDREAMER,0.632780515
randomly_wrong_30,ASW_label,scDREAMER,0.626809899
randomly_wrong_30,ASW_label/batch,scDREAMER,0.837904638
randomly_wrong_30,isolated_label_F1,scDREAMER,0.08045977
randomly_wrong_30,isolated_label_silhouette,scDREAMER,0.646609954
randomly_wrong_30,graph_conn,scDREAMER,0.961965669
randomly_wrong_30,NMI_cluster/label,ItClust,0.421435554
randomly_wrong_30,ARI_cluster/label,ItClust,0.466113274
randomly_wrong_30,ASW_label,ItClust,0.589319791
randomly_wrong_30,ASW_label/batch,ItClust,0.663095357
randomly_wrong_30,isolated_label_F1,ItClust,0.014705882
randomly_wrong_30,isolated_label_silhouette,ItClust,0.616742354
randomly_wrong_30,graph_conn,ItClust,0.650962039
randomly_wrong_50,NMI_cluster/label,scANVI,0.914672317
randomly_wrong_50,ARI_cluster/label,scANVI,0.948235712
randomly_wrong_50,ASW_label,scANVI,0.561505361
randomly_wrong_50,ASW_label/batch,scANVI,0.889452201
randomly_wrong_50,isolated_label_F1,scANVI,0.172839506
randomly_wrong_50,isolated_label_silhouette,scANVI,0.640799608
randomly_wrong_50,graph_conn,scANVI,0.988931617
randomly_wrong_50,NMI_cluster/label,scGEN,0.818139352
randomly_wrong_50,ARI_cluster/label,scGEN,0.834403957
randomly_wrong_50,ASW_label,scGEN,0.573445465
randomly_wrong_50,ASW_label/batch,scGEN,0.900875441
randomly_wrong_50,isolated_label_F1,scGEN,0.144329897
randomly_wrong_50,isolated_label_silhouette,scGEN,0.680782152
randomly_wrong_50,graph_conn,scGEN,0.977288093
randomly_wrong_50,NMI_cluster/label,STACAS,0.928246328
randomly_wrong_50,ARI_cluster/label,STACAS,0.959182069
randomly_wrong_50,ASW_label,STACAS,0.696519985
randomly_wrong_50,ASW_label/batch,STACAS,0.854042218
randomly_wrong_50,isolated_label_F1,STACAS,0.097222222
randomly_wrong_50,isolated_label_silhouette,STACAS,0.705636761
randomly_wrong_50,graph_conn,STACAS,0.984542014
randomly_wrong_50,NMI_cluster/label,scDREAMER,0.590143604
randomly_wrong_50,ARI_cluster/label,scDREAMER,0.58321151
randomly_wrong_50,ASW_label,scDREAMER,0.584540558
randomly_wrong_50,ASW_label/batch,scDREAMER,0.845163926
randomly_wrong_50,isolated_label_F1,scDREAMER,0.042553191
randomly_wrong_50,isolated_label_silhouette,scDREAMER,0.471493799
randomly_wrong_50,graph_conn,scDREAMER,0.895337556
randomly_wrong_50,NMI_cluster/label,ItClust,0.20754067
randomly_wrong_50,ARI_cluster/label,ItClust,0.207484797
randomly_wrong_50,ASW_label,ItClust,0.464209867
randomly_wrong_50,ASW_label/batch,ItClust,0.729976016
randomly_wrong_50,isolated_label_F1,ItClust,0.017094017
randomly_wrong_50,isolated_label_silhouette,ItClust,0.524806722
randomly_wrong_50,graph_conn,ItClust,0.469013793
randomly_wrong_70,NMI_cluster/label,scANVI,0.907414708
randomly_wrong_70,ARI_cluster/label,scANVI,0.943787226
randomly_wrong_70,ASW_label,scANVI,0.560098553
randomly_wrong_70,ASW_label/batch,scANVI,0.895809236
randomly_wrong_70,isolated_label_F1,scANVI,0.134615385
randomly_wrong_70,isolated_label_silhouette,scANVI,0.667241168
randomly_wrong_70,graph_conn,scANVI,0.986340213
randomly_wrong_70,NMI_cluster/label,scGEN,0.887418696
randomly_wrong_70,ARI_cluster/label,scGEN,0.915430858
randomly_wrong_70,ASW_label,scGEN,0.568524198
randomly_wrong_70,ASW_label/batch,scGEN,0.901867529
randomly_wrong_70,isolated_label_F1,scGEN,0.104477612
randomly_wrong_70,isolated_label_silhouette,scGEN,0.683037002
randomly_wrong_70,graph_conn,scGEN,0.975525363
randomly_wrong_70,NMI_cluster/label,STACAS,0.927766616
randomly_wrong_70,ARI_cluster/label,STACAS,0.958097204
randomly_wrong_70,ASW_label,STACAS,0.695356954
randomly_wrong_70,ASW_label/batch,STACAS,0.859152349
randomly_wrong_70,isolated_label_F1,STACAS,0.208955224
randomly_wrong_70,isolated_label_silhouette,STACAS,0.737784605
randomly_wrong_70,graph_conn,STACAS,0.984137888
randomly_wrong_70,NMI_cluster/label,scDREAMER,0.550946619
randomly_wrong_70,ARI_cluster/label,scDREAMER,0.185853201
randomly_wrong_70,ASW_label,scDREAMER,0.598809764
randomly_wrong_70,ASW_label/batch,scDREAMER,0.851724359
randomly_wrong_70,isolated_label_F1,scDREAMER,0.02962963
randomly_wrong_70,isolated_label_silhouette,scDREAMER,0.553266682
randomly_wrong_70,graph_conn,scDREAMER,0.889823602
randomly_wrong_70,NMI_cluster/label,ItClust,0.07003379
randomly_wrong_70,ARI_cluster/label,ItClust,0.056258154
randomly_wrong_70,ASW_label,ItClust,0.429474906
randomly_wrong_70,ASW_label/batch,ItClust,0.760087826
randomly_wrong_70,isolated_label_F1,ItClust,0.022222222
randomly_wrong_70,isolated_label_silhouette,ItClust,0.468393458
randomly_wrong_70,graph_conn,ItClust,0.293089884
randomly_wrong_30,lisi_c,scANVI,0.994025393
randomly_wrong_30,lisi_c,scGEN,0.9943345
randomly_wrong_30,lisi_c,STACAS,0.997035819
randomly_wrong_30,lisi_c,scDREAMER,0.995019729
randomly_wrong_30,lisi_c,ItClust,0.943846442
randomly_wrong_50,lisi_c,scANVI,0.992623365
randomly_wrong_50,lisi_c,scGEN,0.994638055
randomly_wrong_50,lisi_c,STACAS,0.996935731
randomly_wrong_50,lisi_c,scDREAMER,0.986542186
randomly_wrong_50,lisi_c,ItClust,0.88747931
randomly_wrong_70,lisi_c,scANVI,0.992004583
randomly_wrong_70,lisi_c,scGEN,0.994766344
randomly_wrong_70,lisi_c,STACAS,0.99687794
randomly_wrong_70,lisi_c,scDREAMER,0.992355155
randomly_wrong_70,lisi_c,ItClust,0.819005541
randomly_wrong_30,lisi_b,scANVI,0.316686008
randomly_wrong_30,lisi_b,scGEN,0.238024642
randomly_wrong_30,lisi_b,STACAS,0.253218681
randomly_wrong_30,lisi_b,scDREAMER,0.415121444
randomly_wrong_30,lisi_b,ItClust,0.393471362
randomly_wrong_50,lisi_b,scANVI,0.322820653
randomly_wrong_50,lisi_b,scGEN,0.217717971
randomly_wrong_50,lisi_b,STACAS,0.249797915
randomly_wrong_50,lisi_b,scDREAMER,0.442212379
randomly_wrong_50,lisi_b,ItClust,0.4045161
randomly_wrong_70,lisi_b,scANVI,0.3184482
randomly_wrong_70,lisi_b,scGEN,0.170972278
randomly_wrong_70,lisi_b,STACAS,0.247274415
randomly_wrong_70,lisi_b,scDREAMER,0.435813448
randomly_wrong_70,lisi_b,ItClust,0.403887846
randomly_wrong_30,lisi_f1,scANVI,0.480340574
randomly_wrong_30,lisi_f1,scGEN,0.3841025
randomly_wrong_30,lisi_f1,STACAS,0.403866724
randomly_wrong_30,lisi_f1,scDREAMER,0.585833581
randomly_wrong_30,lisi_f1,ItClust,0.555405071
randomly_wrong_50,lisi_f1,scANVI,0.487195683
randomly_wrong_50,lisi_f1,scGEN,0.35723925
randomly_wrong_50,lisi_f1,STACAS,0.399495864
randomly_wrong_50,lisi_f1,scDREAMER,0.610687347
randomly_wrong_50,lisi_f1,ItClust,0.555729017
randomly_wrong_70,lisi_f1,scANVI,0.482126603
randomly_wrong_70,lisi_f1,scGEN,0.291793486
randomly_wrong_70,lisi_f1,STACAS,0.396257594
randomly_wrong_70,lisi_f1,scDREAMER,0.605645189
randomly_wrong_70,lisi_f1,ItClust,0.540989734
randomly_wrong_30,kBET,scANVI,0.484228395
randomly_wrong_30,kBET,scGEN,0.460906566
randomly_wrong_30,kBET,STACAS,0.536828098
randomly_wrong_30,kBET,scDREAMER,0.628413477
randomly_wrong_30,kBET,ItClust,0.166634243
randomly_wrong_50,kBET,scANVI,0.587211208
randomly_wrong_50,kBET,scGEN,0.408115709
randomly_wrong_50,kBET,STACAS,0.542651631
randomly_wrong_50,kBET,scDREAMER,0.709729661
randomly_wrong_50,kBET,ItClust,0.090079004
randomly_wrong_70,kBET,scANVI,0.493441102
randomly_wrong_70,kBET,scGEN,0.271301796
randomly_wrong_70,kBET,STACAS,0.538495864
randomly_wrong_70,kBET,scDREAMER,0.704528247
randomly_wrong_70,kBET,ItClust,0.053300126
randomly_wrong_30,pos_rate,scANVI,0.972347699
randomly_wrong_30,pos_rate,scGEN,0.96722012
randomly_wrong_30,pos_rate,STACAS,0.975277744
randomly_wrong_30,pos_rate,scDREAMER,0.976620681
randomly_wrong_30,pos_rate,ItClust,0.716212917
randomly_wrong_50,pos_rate,scANVI,0.969722867
randomly_wrong_50,pos_rate,scGEN,0.970638506
randomly_wrong_50,pos_rate,STACAS,0.974667318
randomly_wrong_50,pos_rate,scDREAMER,0.937553412
randomly_wrong_50,pos_rate,ItClust,0.464290074
randomly_wrong_70,pos_rate,scANVI,0.964351117
randomly_wrong_70,pos_rate,scGEN,0.973751679
randomly_wrong_70,pos_rate,STACAS,0.975155659
randomly_wrong_70,pos_rate,scDREAMER,0.9616042
randomly_wrong_70,pos_rate,ItClust,0.200463924
randomly_wrong_30,truepos_rate,scANVI,0.217616897
randomly_wrong_30,truepos_rate,scGEN,0.151019412
randomly_wrong_30,truepos_rate,STACAS,0.112684654
randomly_wrong_30,truepos_rate,scDREAMER,0.638627762
randomly_wrong_30,truepos_rate,ItClust,0.266756196
randomly_wrong_50,truepos_rate,scANVI,0.236051764
randomly_wrong_50,truepos_rate,scGEN,0.094554999
randomly_wrong_50,truepos_rate,STACAS,0.119765596
randomly_wrong_50,truepos_rate,scDREAMER,0.759614211
randomly_wrong_50,truepos_rate,ItClust,0.186912465
randomly_wrong_70,truepos_rate,scANVI,0.230008546
randomly_wrong_70,truepos_rate,scGEN,0.034733244
randomly_wrong_70,truepos_rate,STACAS,0.11469906
randomly_wrong_70,truepos_rate,scDREAMER,0.801245269
randomly_wrong_70,truepos_rate,ItClust,0.083017947