type,method,metric,score
Azimuth,scANVI,NMI_cluster/label,0.816668111
Azimuth,scGEN,NMI_cluster/label,0.791475902
Azimuth,STACAS,NMI_cluster/label,0.810835842
Azimuth,scANVI,ARI_cluster/label,0.636166947
Azimuth,scGEN,ARI_cluster/label,0.64555983
Azimuth,STACAS,ARI_cluster/label,0.626986278
Azimuth,scANVI,ASW_label,0.60329667
Azimuth,scGEN,ASW_label,0.585317332
Azimuth,STACAS,ASW_label,0.637145444
Azimuth,scANVI,ASW_label/batch,0.825369231
Azimuth,scGEN,ASW_label/batch,0.836446374
Azimuth,STACAS,ASW_label/batch,0.782778668
Azimuth,scANVI,isolated_label_F1,0.871334744
Azimuth,scGEN,isolated_label_F1,0.846190278
Azimuth,STACAS,isolated_label_F1,0.844608376
Azimuth,scANVI,isolated_label_silhouette,0.6065395
Azimuth,scGEN,isolated_label_silhouette,0.573725664
Azimuth,STACAS,isolated_label_silhouette,0.639853468
Azimuth,scANVI,graph_conn,0.987756928
Azimuth,scGEN,graph_conn,0.984426003
Azimuth,STACAS,graph_conn,0.969972951
CellAssign,scANVI,NMI_cluster/label,0.797302225
CellAssign,scGEN,NMI_cluster/label,0.755687887
CellAssign,STACAS,NMI_cluster/label,0.794182736
CellAssign,scANVI,ARI_cluster/label,0.671206032
CellAssign,scGEN,ARI_cluster/label,0.562547318
CellAssign,STACAS,ARI_cluster/label,0.600068296
CellAssign,scANVI,ASW_label,0.583172929
CellAssign,scGEN,ASW_label,0.574131517
CellAssign,STACAS,ASW_label,0.618634791
CellAssign,scANVI,ASW_label/batch,0.841157076
CellAssign,scGEN,ASW_label/batch,0.703591406
CellAssign,STACAS,ASW_label/batch,0.777341009
CellAssign,scANVI,isolated_label_F1,0.853925642
CellAssign,scGEN,isolated_label_F1,0.780337376
CellAssign,STACAS,isolated_label_F1,0.829496189
CellAssign,scANVI,isolated_label_silhouette,0.588494986
CellAssign,scGEN,isolated_label_silhouette,0.569876647
CellAssign,STACAS,isolated_label_silhouette,0.622877684
CellAssign,scANVI,graph_conn,0.988358087
CellAssign,scGEN,graph_conn,0.940583598
CellAssign,STACAS,graph_conn,0.974312448
mixing_at_edge_30,scANVI,NMI_cluster/label,0.834397622
mixing_at_edge_30,scGEN,NMI_cluster/label,0.846012117
mixing_at_edge_30,STACAS,NMI_cluster/label,0.780318243
mixing_at_edge_30,scANVI,ARI_cluster/label,0.724001505
mixing_at_edge_30,scGEN,ARI_cluster/label,0.741899743
mixing_at_edge_30,STACAS,ARI_cluster/label,0.544153652
mixing_at_edge_30,scANVI,ASW_label,0.628202912
mixing_at_edge_30,scGEN,ASW_label,0.603685584
mixing_at_edge_30,STACAS,ASW_label,0.619839444
mixing_at_edge_30,scANVI,ASW_label/batch,0.845502583
mixing_at_edge_30,scGEN,ASW_label/batch,0.865531025
mixing_at_edge_30,STACAS,ASW_label/batch,0.780008621
mixing_at_edge_30,scANVI,isolated_label_F1,0.900722298
mixing_at_edge_30,scGEN,isolated_label_F1,0.918592555
mixing_at_edge_30,STACAS,isolated_label_F1,0.834603034
mixing_at_edge_30,scANVI,isolated_label_silhouette,0.633773037
mixing_at_edge_30,scGEN,isolated_label_silhouette,0.603907603
mixing_at_edge_30,STACAS,isolated_label_silhouette,0.623859885
mixing_at_edge_30,scANVI,graph_conn,0.976693014
mixing_at_edge_30,scGEN,graph_conn,0.971171307
mixing_at_edge_30,STACAS,graph_conn,0.984338705
mixing_at_edge_50,scANVI,NMI_cluster/label,0.840357242
mixing_at_edge_50,scGEN,NMI_cluster/label,0.836532349
mixing_at_edge_50,STACAS,NMI_cluster/label,0.784577734
mixing_at_edge_50,scANVI,ARI_cluster/label,0.732675553
mixing_at_edge_50,scGEN,ARI_cluster/label,0.707897403
mixing_at_edge_50,STACAS,ARI_cluster/label,0.545421332
mixing_at_edge_50,scANVI,ASW_label,0.632325871
mixing_at_edge_50,scGEN,ASW_label,0.60832426
mixing_at_edge_50,STACAS,ASW_label,0.620205473
mixing_at_edge_50,scANVI,ASW_label/batch,0.847060515
mixing_at_edge_50,scGEN,ASW_label/batch,0.867959565
mixing_at_edge_50,STACAS,ASW_label/batch,0.778758418
mixing_at_edge_50,scANVI,isolated_label_F1,0.920436153
mixing_at_edge_50,scGEN,isolated_label_F1,0.925628135
mixing_at_edge_50,STACAS,isolated_label_F1,0.834216674
mixing_at_edge_50,scANVI,isolated_label_silhouette,0.637089909
mixing_at_edge_50,scGEN,isolated_label_silhouette,0.607572009
mixing_at_edge_50,STACAS,isolated_label_silhouette,0.624617348
mixing_at_edge_50,scANVI,graph_conn,0.986732693
mixing_at_edge_50,scGEN,graph_conn,0.978807622
mixing_at_edge_50,STACAS,graph_conn,0.98404154
mixing_at_edge_70,scANVI,NMI_cluster/label,0.851210415
mixing_at_edge_70,scGEN,NMI_cluster/label,0.842552743
mixing_at_edge_70,STACAS,NMI_cluster/label,0.78422903
mixing_at_edge_70,scANVI,ARI_cluster/label,0.747006618
mixing_at_edge_70,scGEN,ARI_cluster/label,0.716832884
mixing_at_edge_70,STACAS,ARI_cluster/label,0.545333931
mixing_at_edge_70,scANVI,ASW_label,0.634746177
mixing_at_edge_70,scGEN,ASW_label,0.608826277
mixing_at_edge_70,STACAS,ASW_label,0.619900637
mixing_at_edge_70,scANVI,ASW_label/batch,0.840788466
mixing_at_edge_70,scGEN,ASW_label/batch,0.862014203
mixing_at_edge_70,STACAS,ASW_label/batch,0.778928617
mixing_at_edge_70,scANVI,isolated_label_F1,0.919168291
mixing_at_edge_70,scGEN,isolated_label_F1,0.927302791
mixing_at_edge_70,STACAS,isolated_label_F1,0.832971817
mixing_at_edge_70,scANVI,isolated_label_silhouette,0.64034521
mixing_at_edge_70,scGEN,isolated_label_silhouette,0.608707403
mixing_at_edge_70,STACAS,isolated_label_silhouette,0.624275967
mixing_at_edge_70,scANVI,graph_conn,0.986451444
mixing_at_edge_70,scGEN,graph_conn,0.983405336
mixing_at_edge_70,STACAS,graph_conn,0.984373066
randomly_missing_30,scANVI,NMI_cluster/label,0.860581145
randomly_missing_30,scGEN,NMI_cluster/label,0.804878859
randomly_missing_30,STACAS,NMI_cluster/label,0.797050978
randomly_missing_30,scANVI,ARI_cluster/label,0.755349404
randomly_missing_30,scGEN,ARI_cluster/label,0.664061389
randomly_missing_30,STACAS,ARI_cluster/label,0.555949876
randomly_missing_30,scANVI,ASW_label,0.634756487
randomly_missing_30,scGEN,ASW_label,0.589208793
randomly_missing_30,STACAS,ASW_label,0.617165993
randomly_missing_30,scANVI,ASW_label/batch,0.844911772
randomly_missing_30,scGEN,ASW_label/batch,0.903844521
randomly_missing_30,STACAS,ASW_label/batch,0.785212466
randomly_missing_30,scANVI,isolated_label_F1,0.922338863
randomly_missing_30,scGEN,isolated_label_F1,0.9008928
randomly_missing_30,STACAS,isolated_label_F1,0.831634218
randomly_missing_30,scANVI,isolated_label_silhouette,0.640256199
randomly_missing_30,scGEN,isolated_label_silhouette,0.592279029
randomly_missing_30,STACAS,isolated_label_silhouette,0.623433744
randomly_missing_30,scANVI,graph_conn,0.99178914
randomly_missing_30,scGEN,graph_conn,0.97650291
randomly_missing_30,STACAS,graph_conn,0.984740753
randomly_missing_50,scANVI,NMI_cluster/label,0.8456874
randomly_missing_50,scGEN,NMI_cluster/label,0.780383526
randomly_missing_50,STACAS,NMI_cluster/label,0.788506761
randomly_missing_50,scANVI,ARI_cluster/label,0.731849749
randomly_missing_50,scGEN,ARI_cluster/label,0.588857798
randomly_missing_50,STACAS,ARI_cluster/label,0.569432473
randomly_missing_50,scANVI,ASW_label,0.630660318
randomly_missing_50,scGEN,ASW_label,0.578378226
randomly_missing_50,STACAS,ASW_label,0.617065705
randomly_missing_50,scANVI,ASW_label/batch,0.848661507
randomly_missing_50,scGEN,ASW_label/batch,0.862582464
randomly_missing_50,STACAS,ASW_label/batch,0.769606372
randomly_missing_50,scANVI,isolated_label_F1,0.929923174
randomly_missing_50,scGEN,isolated_label_F1,0.852578085
randomly_missing_50,STACAS,isolated_label_F1,0.821191332
randomly_missing_50,scANVI,isolated_label_silhouette,0.636064104
randomly_missing_50,scGEN,isolated_label_silhouette,0.579545796
randomly_missing_50,STACAS,isolated_label_silhouette,0.621988949
randomly_missing_50,scANVI,graph_conn,0.990171315
randomly_missing_50,scGEN,graph_conn,0.976345734
randomly_missing_50,STACAS,graph_conn,0.98387166
randomly_missing_70,scANVI,NMI_cluster/label,0.840592733
randomly_missing_70,scGEN,NMI_cluster/label,0.770142684
randomly_missing_70,STACAS,NMI_cluster/label,0.790830244
randomly_missing_70,scANVI,ARI_cluster/label,0.725177723
randomly_missing_70,scGEN,ARI_cluster/label,0.555742058
randomly_missing_70,STACAS,ARI_cluster/label,0.591763425
randomly_missing_70,scANVI,ASW_label,0.629744339
randomly_missing_70,scGEN,ASW_label,0.575154652
randomly_missing_70,STACAS,ASW_label,0.61640254
randomly_missing_70,scANVI,ASW_label/batch,0.846466548
randomly_missing_70,scGEN,ASW_label/batch,0.802751912
randomly_missing_70,STACAS,ASW_label/batch,0.785733075
randomly_missing_70,scANVI,isolated_label_F1,0.919981734
randomly_missing_70,scGEN,isolated_label_F1,0.828239604
randomly_missing_70,STACAS,isolated_label_F1,0.832149218
randomly_missing_70,scANVI,isolated_label_silhouette,0.63466931
randomly_missing_70,scGEN,isolated_label_silhouette,0.575956144
randomly_missing_70,STACAS,isolated_label_silhouette,0.622090286
randomly_missing_70,scANVI,graph_conn,0.98935145
randomly_missing_70,scGEN,graph_conn,0.959530673
randomly_missing_70,STACAS,graph_conn,0.983332946
singleR,scANVI,NMI_cluster/label,0.801234776
singleR,scGEN,NMI_cluster/label,0.731760008
singleR,STACAS,NMI_cluster/label,0.794347123
singleR,scANVI,ARI_cluster/label,0.699444136
singleR,scGEN,ARI_cluster/label,0.539049358
singleR,STACAS,ARI_cluster/label,0.607344434
singleR,scANVI,ASW_label,0.570077147
singleR,scGEN,ASW_label,0.559520967
singleR,STACAS,ASW_label,0.617062557
singleR,scANVI,ASW_label/batch,0.852928166
singleR,scGEN,ASW_label/batch,0.774972252
singleR,STACAS,ASW_label/batch,0.779651699
singleR,scANVI,isolated_label_F1,0.873468976
singleR,scGEN,isolated_label_F1,0.786425808
singleR,STACAS,isolated_label_F1,0.829688998
singleR,scANVI,isolated_label_silhouette,0.574699818
singleR,scGEN,isolated_label_silhouette,0.554924589
singleR,STACAS,isolated_label_silhouette,0.621682884
singleR,scANVI,graph_conn,0.986360409
singleR,scGEN,graph_conn,0.984800268
singleR,STACAS,graph_conn,0.984493772
full_annotated_supervised,scANVI,NMI_cluster/label,0.852002908
full_annotated_supervised,scGEN,NMI_cluster/label,0.863034649
full_annotated_supervised,STACAS,NMI_cluster/label,0.789561757
full_annotated_supervised,scANVI,ARI_cluster/label,0.742785049
full_annotated_supervised,scGEN,ARI_cluster/label,0.76249847
full_annotated_supervised,STACAS,ARI_cluster/label,0.588132066
full_annotated_supervised,scANVI,ASW_label,0.632002216
full_annotated_supervised,scGEN,ASW_label,0.608758749
full_annotated_supervised,STACAS,ASW_label,0.620782007
full_annotated_supervised,scANVI,ASW_label/batch,0.84483864
full_annotated_supervised,scGEN,ASW_label/batch,0.875717317
full_annotated_supervised,STACAS,ASW_label/batch,0.776540529
full_annotated_supervised,scANVI,isolated_label_F1,0.929893861
full_annotated_supervised,scGEN,isolated_label_F1,0.936764009
full_annotated_supervised,STACAS,isolated_label_F1,0.829289941
full_annotated_supervised,scANVI,isolated_label_silhouette,0.639669009
full_annotated_supervised,scGEN,isolated_label_silhouette,0.609685494
full_annotated_supervised,STACAS,isolated_label_silhouette,0.625132771
full_annotated_supervised,scANVI,graph_conn,0.992816672
full_annotated_supervised,scGEN,graph_conn,0.990760614
full_annotated_supervised,STACAS,graph_conn,0.984243829
unsupervised,scVI,NMI_cluster/label,0.789136951
unsupervised,Harmony,NMI_cluster/label,0.803849935
unsupervised,scCRAFT,NMI_cluster/label,0.808730976
unsupervised,Seurat,NMI_cluster/label,0.764372581
unsupervised,scVI,ARI_cluster/label,0.592916958
unsupervised,Harmony,ARI_cluster/label,0.682091616
unsupervised,scCRAFT,ARI_cluster/label,0.593072634
unsupervised,Seurat,ARI_cluster/label,0.535594482
unsupervised,scVI,ASW_label,0.578636369
unsupervised,Harmony,ASW_label,0.619405241
unsupervised,scCRAFT,ASW_label,0.600175753
unsupervised,Seurat,ASW_label,0.614284921
unsupervised,scVI,ASW_label/batch,0.857767368
unsupervised,Harmony,ASW_label/batch,0.83753772
unsupervised,scCRAFT,ASW_label/batch,0.835347036
unsupervised,Seurat,ASW_label/batch,0.611092462
unsupervised,scVI,isolated_label_F1,0.832875772
unsupervised,Harmony,isolated_label_F1,0.860047254
unsupervised,scCRAFT,isolated_label_F1,0.839496131
unsupervised,Seurat,isolated_label_F1,0.806708704
unsupervised,scVI,isolated_label_silhouette,0.585027458
unsupervised,Harmony,isolated_label_silhouette,0.617894961
unsupervised,scCRAFT,isolated_label_silhouette,0.605084641
unsupervised,Seurat,isolated_label_silhouette,0.61493626
unsupervised,scVI,graph_conn,0.985357175
unsupervised,Harmony,graph_conn,0.964832352
unsupervised,scCRAFT,graph_conn,0.976642545
unsupervised,Seurat,graph_conn,0.944793829
full_annotated_supervised,scANVI,lisi_c,0.994715502
full_annotated_supervised,scGEN,lisi_c,0.99290379
full_annotated_supervised,STACAS,lisi_c,0.991132904
CellAssign,scANVI,lisi_c,0.988541287
CellAssign,scGEN,lisi_c,0.990257456
CellAssign,STACAS,lisi_c,0.991010174
Azimuth,scANVI,lisi_c,0.990331802
Azimuth,scGEN,lisi_c,0.989462256
Azimuth,STACAS,lisi_c,0.991263428
singleR,scANVI,lisi_c,0.987403488
singleR,scGEN,lisi_c,0.988352648
singleR,STACAS,lisi_c,0.991013296
mixing_at_edge_30,scANVI,lisi_c,0.992228761
mixing_at_edge_30,scGEN,lisi_c,0.991694168
mixing_at_edge_30,STACAS,lisi_c,0.99100015
mixing_at_edge_50,scANVI,lisi_c,0.992990956
mixing_at_edge_50,scGEN,lisi_c,0.991790301
mixing_at_edge_50,STACAS,lisi_c,0.991078532
mixing_at_edge_70,scANVI,lisi_c,0.993782257
mixing_at_edge_70,scGEN,lisi_c,0.992038166
mixing_at_edge_70,STACAS,lisi_c,0.991062576
randomly_missing_30,scANVI,lisi_c,0.9944678
randomly_missing_30,scGEN,lisi_c,0.992106857
randomly_missing_30,STACAS,lisi_c,0.990973927
randomly_missing_50,scANVI,lisi_c,0.994107164
randomly_missing_50,scGEN,lisi_c,0.991203103
randomly_missing_50,STACAS,lisi_c,0.991025727
randomly_missing_70,scANVI,lisi_c,0.993661066
randomly_missing_70,scGEN,lisi_c,0.990713927
randomly_missing_70,STACAS,lisi_c,0.990920228
full_annotated_supervised,scANVI,lisi_b,0.119961328
full_annotated_supervised,scGEN,lisi_b,0.252080715
full_annotated_supervised,STACAS,lisi_b,0.064082747
CellAssign,scANVI,lisi_b,0.113268102
CellAssign,scGEN,lisi_b,0.054567264
CellAssign,STACAS,lisi_b,0.061045518
Azimuth,scANVI,lisi_b,0.111355437
Azimuth,scGEN,lisi_b,0.118800945
Azimuth,STACAS,lisi_b,0.092437067
singleR,scANVI,lisi_b,0.128508245
singleR,scGEN,lisi_b,0.08029689
singleR,STACAS,lisi_b,0.059910579
mixing_at_edge_30,scANVI,lisi_b,0.123787524
mixing_at_edge_30,scGEN,lisi_b,0.265934307
mixing_at_edge_30,STACAS,lisi_b,0.06418767
mixing_at_edge_50,scANVI,lisi_b,0.123592267
mixing_at_edge_50,scGEN,lisi_b,0.26143876
mixing_at_edge_50,STACAS,lisi_b,0.065526262
mixing_at_edge_70,scANVI,lisi_b,0.122349201
mixing_at_edge_70,scGEN,lisi_b,0.258411568
mixing_at_edge_70,STACAS,lisi_b,0.065598082
randomly_missing_30,scANVI,lisi_b,0.120398688
randomly_missing_30,scGEN,lisi_b,0.229714026
randomly_missing_30,STACAS,lisi_b,0.061290027
randomly_missing_50,scANVI,lisi_b,0.123798845
randomly_missing_50,scGEN,lisi_b,0.199443062
randomly_missing_50,STACAS,lisi_b,0.05447445
randomly_missing_70,scANVI,lisi_b,0.121194706
randomly_missing_70,scGEN,lisi_b,0.150197145
randomly_missing_70,STACAS,lisi_b,0.059942078
full_annotated_supervised,scANVI,lisi_f1,0.214102222
full_annotated_supervised,scGEN,lisi_f1,0.402080341
full_annotated_supervised,STACAS,lisi_f1,0.120382064
CellAssign,scANVI,lisi_f1,0.203247851
CellAssign,scGEN,lisi_f1,0.103434842
CellAssign,STACAS,lisi_f1,0.115006706
Azimuth,scANVI,lisi_f1,0.200199887
Azimuth,scGEN,lisi_f1,0.212132011
Azimuth,STACAS,lisi_f1,0.169104811
singleR,scANVI,lisi_f1,0.227418506
singleR,scGEN,lisi_f1,0.148526979
singleR,STACAS,lisi_f1,0.112990449
mixing_at_edge_30,scANVI,lisi_f1,0.220114246
mixing_at_edge_30,scGEN,lisi_f1,0.419401289
mixing_at_edge_30,STACAS,lisi_f1,0.120566196
mixing_at_edge_50,scANVI,lisi_f1,0.219824194
mixing_at_edge_50,scGEN,lisi_f1,0.413798936
mixing_at_edge_50,STACAS,lisi_f1,0.122925188
mixing_at_edge_70,scANVI,lisi_f1,0.217874811
mixing_at_edge_70,scGEN,lisi_f1,0.410019101
mixing_at_edge_70,STACAS,lisi_f1,0.123051433
randomly_missing_30,scANVI,lisi_f1,0.214792748
randomly_missing_30,scGEN,lisi_f1,0.373051179
randomly_missing_30,STACAS,lisi_f1,0.115440272
randomly_missing_50,scANVI,lisi_f1,0.220178293
randomly_missing_50,scGEN,lisi_f1,0.332069405
randomly_missing_50,STACAS,lisi_f1,0.103272257
randomly_missing_70,scANVI,lisi_f1,0.216039535
randomly_missing_70,scGEN,lisi_f1,0.260848382
randomly_missing_70,STACAS,lisi_f1,0.113045861
full_annotated_supervised,scANVI,pos_rate,0.962331407
full_annotated_supervised,scGEN,pos_rate,0.947928709
full_annotated_supervised,STACAS,pos_rate,0.930539499
CellAssign,scANVI,pos_rate,0.923025048
CellAssign,scGEN,pos_rate,0.934296724
CellAssign,STACAS,pos_rate,0.92938343
Azimuth,scANVI,pos_rate,0.930539499
Azimuth,scGEN,pos_rate,0.927360308
Azimuth,STACAS,pos_rate,0.929913295
singleR,scANVI,pos_rate,0.918304432
singleR,scGEN,pos_rate,0.92504817
singleR,STACAS,pos_rate,0.930298651
mixing_at_edge_30,scANVI,pos_rate,0.937861272
mixing_at_edge_30,scGEN,pos_rate,0.935211946
mixing_at_edge_30,STACAS,pos_rate,0.929576108
mixing_at_edge_50,scANVI,pos_rate,0.944749518
mixing_at_edge_50,scGEN,pos_rate,0.937379576
mixing_at_edge_50,STACAS,pos_rate,0.929672447
mixing_at_edge_70,scANVI,pos_rate,0.951493256
mixing_at_edge_70,scGEN,pos_rate,0.940366089
mixing_at_edge_70,STACAS,pos_rate,0.929913295
randomly_missing_30,scANVI,pos_rate,0.959393064
randomly_missing_30,scGEN,pos_rate,0.945134875
randomly_missing_30,STACAS,pos_rate,0.930732177
randomly_missing_50,scANVI,pos_rate,0.955924855
randomly_missing_50,scGEN,pos_rate,0.939932563
randomly_missing_50,STACAS,pos_rate,0.929094412
randomly_missing_70,scANVI,pos_rate,0.953564547
randomly_missing_70,scGEN,pos_rate,0.937909441
randomly_missing_70,STACAS,pos_rate,0.927890173
full_annotated_supervised,scANVI,truepos_rate,0.22283237
full_annotated_supervised,scGEN,truepos_rate,0.333236994
full_annotated_supervised,STACAS,truepos_rate,0.154431599
CellAssign,scANVI,truepos_rate,0.208381503
CellAssign,scGEN,truepos_rate,0.135211946
CellAssign,STACAS,truepos_rate,0.151252408
Azimuth,scANVI,truepos_rate,0.193545279
Azimuth,scGEN,truepos_rate,0.192148362
Azimuth,STACAS,truepos_rate,0.150337187
singleR,scANVI,truepos_rate,0.23044316
singleR,scGEN,truepos_rate,0.163246628
singleR,STACAS,truepos_rate,0.149229287
mixing_at_edge_30,scANVI,truepos_rate,0.219894027
mixing_at_edge_30,scGEN,truepos_rate,0.337524085
mixing_at_edge_30,STACAS,truepos_rate,0.154720617
mixing_at_edge_50,scANVI,truepos_rate,0.213776493
mixing_at_edge_50,scGEN,truepos_rate,0.331262042
mixing_at_edge_50,STACAS,truepos_rate,0.155491329
mixing_at_edge_70,scANVI,truepos_rate,0.216955684
mixing_at_edge_70,scGEN,truepos_rate,0.34026975
mixing_at_edge_70,STACAS,truepos_rate,0.154913295
randomly_missing_30,scANVI,truepos_rate,0.216522158
randomly_missing_30,scGEN,truepos_rate,0.385693642
randomly_missing_30,STACAS,truepos_rate,0.148843931
randomly_missing_50,scANVI,truepos_rate,0.221628131
randomly_missing_50,scGEN,truepos_rate,0.37504817
randomly_missing_50,STACAS,truepos_rate,0.143304432
randomly_missing_70,scANVI,truepos_rate,0.21517341
randomly_missing_70,scGEN,truepos_rate,0.34238921
randomly_missing_70,STACAS,truepos_rate,0.149566474
CellAssign,scGEN,kBET,0.070032112
Azimuth,scGEN,kBET,0.194840539
Azimuth,STACAS,kBET,0.166821898
singleR,scGEN,kBET,0.097355821
full_annotated_supervised,scDREAMER,kBET,0.144080656
full_annotated_supervised,ItClust,kBET,0.209828
full_annotated_supervised,scDREAMER,pos_rate,0.990077071
full_annotated_supervised,ItClust,pos_rate,0.902071291
mixing_at_edge_30,scDREAMER,pos_rate,0.685115607
mixing_at_edge_30,ItClust,pos_rate,0.894990366
mixing_at_edge_50,scDREAMER,pos_rate,0.659200385
mixing_at_edge_50,ItClust,pos_rate,0.875144509
mixing_at_edge_70,scDREAMER,pos_rate,0.686464355
mixing_at_edge_70,ItClust,pos_rate,0.920568401
randomly_missing_30,scDREAMER,pos_rate,0.970375723
randomly_missing_30,ItClust,pos_rate,0.861897881
randomly_missing_50,scDREAMER,pos_rate,0.95982659
randomly_missing_50,ItClust,pos_rate,0.786319846
randomly_missing_70,scDREAMER,pos_rate,0.945809249
randomly_missing_70,ItClust,pos_rate,0.730298651
full_annotated_supervised,scDREAMER,truepos_rate,0.193737958
full_annotated_supervised,ItClust,truepos_rate,0.207947977
mixing_at_edge_30,scDREAMER,truepos_rate,0.479576108
mixing_at_edge_30,ItClust,truepos_rate,0.272013487
mixing_at_edge_50,scDREAMER,truepos_rate,0.424903661
mixing_at_edge_50,ItClust,truepos_rate,0.282899807
mixing_at_edge_70,scDREAMER,truepos_rate,0.466473988
mixing_at_edge_70,ItClust,truepos_rate,0.293208092
randomly_missing_30,scDREAMER,truepos_rate,0.312524085
randomly_missing_30,ItClust,truepos_rate,0.236223507
randomly_missing_50,scDREAMER,truepos_rate,0.337813102
randomly_missing_50,ItClust,truepos_rate,0.238391137
randomly_missing_70,scDREAMER,truepos_rate,0.326926782
randomly_missing_70,ItClust,truepos_rate,0.214258189
full_annotated_supervised,scDREAMER,lisi_c,0.997765928
full_annotated_supervised,ItClust,lisi_c,0.98957057
mixing_at_edge_30,scDREAMER,lisi_c,0.936987878
mixing_at_edge_30,ItClust,lisi_c,0.987950232
mixing_at_edge_50,scDREAMER,lisi_c,0.931811355
mixing_at_edge_50,ItClust,lisi_c,0.984873468
mixing_at_edge_70,scDREAMER,lisi_c,0.93628711
mixing_at_edge_70,ItClust,lisi_c,0.99059344
randomly_missing_30,scDREAMER,lisi_c,0.995001696
randomly_missing_30,ItClust,lisi_c,0.978890497
randomly_missing_50,scDREAMER,lisi_c,0.99333754
randomly_missing_50,ItClust,lisi_c,0.965836402
randomly_missing_70,scDREAMER,lisi_c,0.99170389
randomly_missing_70,ItClust,lisi_c,0.972485152
full_annotated_supervised,scDREAMER,lisi_b,0.119798718
full_annotated_supervised,ItClust,lisi_b,0.126956451
mixing_at_edge_30,scDREAMER,lisi_b,0.348674847
mixing_at_edge_30,ItClust,lisi_b,0.176885657
mixing_at_edge_50,scDREAMER,lisi_b,0.336484721
mixing_at_edge_50,ItClust,lisi_b,0.184988332
mixing_at_edge_70,scDREAMER,lisi_b,0.345918745
mixing_at_edge_70,ItClust,lisi_b,0.191806146
randomly_missing_30,scDREAMER,lisi_b,0.181454766
randomly_missing_30,ItClust,lisi_b,0.147463758
randomly_missing_50,scDREAMER,lisi_b,0.199870278
randomly_missing_50,ItClust,lisi_b,0.13779348
randomly_missing_70,scDREAMER,lisi_b,0.187776255
randomly_missing_70,ItClust,lisi_b,0.112947758
full_annotated_supervised,scDREAMER,lisi_f1,0.213913494
full_annotated_supervised,ItClust,lisi_f1,0.225041339
mixing_at_edge_30,scDREAMER,lisi_f1,0.508226767
mixing_at_edge_30,ItClust,lisi_f1,0.300049522
mixing_at_edge_50,scDREAMER,lisi_f1,0.494427586
mixing_at_edge_50,ItClust,lisi_f1,0.311472859
mixing_at_edge_70,scDREAMER,lisi_f1,0.50519074
mixing_at_edge_70,ItClust,lisi_f1,0.321383587
randomly_missing_30,scDREAMER,lisi_f1,0.306934945
randomly_missing_30,ItClust,lisi_f1,0.256315224
randomly_missing_50,scDREAMER,lisi_f1,0.332781343
randomly_missing_50,ItClust,lisi_f1,0.241178607
randomly_missing_70,scDREAMER,lisi_f1,0.31576359
randomly_missing_70,ItClust,lisi_f1,0.202389326
mixing_at_edge_50,scDREAMER,NMI_cluster/label,0.594351383
mixing_at_edge_50,scDREAMER,ARI_cluster/label,0.540677064
mixing_at_edge_50,scDREAMER,ASW_label,0.526384146
mixing_at_edge_50,scDREAMER,ASW_label/batch,0.818822653
mixing_at_edge_50,scDREAMER,isolated_label_F1,0.646313058
mixing_at_edge_50,scDREAMER,isolated_label_silhouette,0.523424403
mixing_at_edge_50,scDREAMER,graph_conn,0.904401079
mixing_at_edge_50,ItClust,NMI_cluster/label,0.808737141
mixing_at_edge_50,ItClust,ARI_cluster/label,0.676038719
mixing_at_edge_50,ItClust,ASW_label,0.746037166
mixing_at_edge_50,ItClust,ASW_label/batch,0.382426423
mixing_at_edge_50,ItClust,isolated_label_F1,0.84798732
mixing_at_edge_50,ItClust,isolated_label_silhouette,0.773148296
mixing_at_edge_50,ItClust,graph_conn,0.851995667
mixing_at_edge_70,scDREAMER,NMI_cluster/label,0.616195749
mixing_at_edge_70,scDREAMER,ARI_cluster/label,0.568140518
mixing_at_edge_70,scDREAMER,ASW_label,0.536306423
mixing_at_edge_70,scDREAMER,ASW_label/batch,0.833233577
mixing_at_edge_70,scDREAMER,isolated_label_F1,0.693815083
mixing_at_edge_70,scDREAMER,isolated_label_silhouette,0.534684174
mixing_at_edge_70,scDREAMER,graph_conn,0.917489212
mixing_at_edge_70,ItClust,NMI_cluster/label,0.865253237
mixing_at_edge_70,ItClust,ARI_cluster/label,0.831926104
mixing_at_edge_70,ItClust,ASW_label,0.836999712
mixing_at_edge_70,ItClust,ASW_label/batch,0.444469613
mixing_at_edge_70,ItClust,isolated_label_F1,0.880752799
mixing_at_edge_70,ItClust,isolated_label_silhouette,0.80944966
mixing_at_edge_70,ItClust,graph_conn,0.89406384
randomly_missing_30,scDREAMER,NMI_cluster/label,0.804572401
randomly_missing_30,scDREAMER,ARI_cluster/label,0.593656067
randomly_missing_30,scDREAMER,ASW_label,0.648611837
randomly_missing_30,scDREAMER,ASW_label/batch,0.815320059
randomly_missing_30,scDREAMER,isolated_label_F1,0.994139561
randomly_missing_30,scDREAMER,isolated_label_silhouette,0.518448481
randomly_missing_30,scDREAMER,graph_conn,0.994139561
randomly_missing_30,ItClust,NMI_cluster/label,0.685308816
randomly_missing_30,ItClust,ARI_cluster/label,0.498968124
randomly_missing_30,ItClust,ASW_label,0.585226197
randomly_missing_30,ItClust,ASW_label/batch,0.490678046
randomly_missing_30,ItClust,isolated_label_F1,0.706943805
randomly_missing_30,ItClust,isolated_label_silhouette,0.562892363
randomly_missing_30,ItClust,graph_conn,0.60891483
randomly_missing_50,scDREAMER,NMI_cluster/label,0.781102959
randomly_missing_50,scDREAMER,ARI_cluster/label,0.540337226
randomly_missing_50,scDREAMER,ASW_label,0.642438247
randomly_missing_50,scDREAMER,ASW_label/batch,0.829301654
randomly_missing_50,scDREAMER,isolated_label_F1,0.989940666
randomly_missing_50,scDREAMER,isolated_label_silhouette,0.508863218
randomly_missing_50,scDREAMER,graph_conn,0.989940666
randomly_missing_50,ItClust,NMI_cluster/label,0.620579131
randomly_missing_50,ItClust,ARI_cluster/label,0.378201313
randomly_missing_50,ItClust,ASW_label,0.493478533
randomly_missing_50,ItClust,ASW_label/batch,0.506075626
randomly_missing_50,ItClust,isolated_label_F1,0.563297375
randomly_missing_50,ItClust,isolated_label_silhouette,0.472228665
randomly_missing_50,ItClust,graph_conn,0.474326863
randomly_missing_70,scDREAMER,NMI_cluster/label,0.762997583
randomly_missing_70,scDREAMER,ARI_cluster/label,0.489962142
randomly_missing_70,scDREAMER,ASW_label,0.635196164
randomly_missing_70,scDREAMER,ASW_label/batch,0.831634509
randomly_missing_70,scDREAMER,isolated_label_F1,0.988902701
randomly_missing_70,scDREAMER,isolated_label_silhouette,0.502850811
randomly_missing_70,scDREAMER,graph_conn,0.988902701
randomly_missing_70,ItClust,NMI_cluster/label,0.607163796
randomly_missing_70,ItClust,ARI_cluster/label,0.355495038
randomly_missing_70,ItClust,ASW_label,0.406018034
randomly_missing_70,ItClust,ASW_label/batch,0.412742727
randomly_missing_70,ItClust,isolated_label_F1,0.546747267
randomly_missing_70,ItClust,isolated_label_silhouette,0.39080969
randomly_missing_70,ItClust,graph_conn,0.599743695
full_annotated_supervised,scDREAMER,NMI_cluster/label,0.913269499
full_annotated_supervised,scDREAMER,ARI_cluster/label,0.816124399
full_annotated_supervised,scDREAMER,ASW_label,0.669729207
full_annotated_supervised,scDREAMER,ASW_label/batch,0.772542189
full_annotated_supervised,scDREAMER,isolated_label_F1,0.999132993
full_annotated_supervised,scDREAMER,isolated_label_silhouette,0.542649
full_annotated_supervised,scDREAMER,graph_conn,0.999132993
full_annotated_supervised,ItClust,NMI_cluster/label,0.842206
full_annotated_supervised,ItClust,ARI_cluster/label,0.710868
full_annotated_supervised,ItClust,ASW_label,0.783163
full_annotated_supervised,ItClust,ASW_label/batch,0.267406
full_annotated_supervised,ItClust,isolated_label_F1,0.862432
full_annotated_supervised,ItClust,isolated_label_silhouette,0.810814
full_annotated_supervised,ItClust,graph_conn,0.86472
mixing_at_edge_30,scDREAMER,NMI_cluster/label,0.616827
mixing_at_edge_30,scDREAMER,ARI_cluster/label,0.552436
mixing_at_edge_30,scDREAMER,ASW_label,0.533348
mixing_at_edge_30,scDREAMER,ASW_label/batch,0.829128
mixing_at_edge_30,scDREAMER,isolated_label_F1,0.661281
mixing_at_edge_30,scDREAMER,isolated_label_silhouette,0.531809
mixing_at_edge_30,scDREAMER,graph_conn,0.917607
mixing_at_edge_30,ItClust,NMI_cluster/label,0.816665
mixing_at_edge_30,ItClust,ARI_cluster/label,0.705615
mixing_at_edge_30,ItClust,ASW_label,0.793004
mixing_at_edge_30,ItClust,ASW_label/batch,0.463204
mixing_at_edge_30,ItClust,isolated_label_F1,0.828089
mixing_at_edge_30,ItClust,isolated_label_silhouette,0.779789
mixing_at_edge_30,ItClust,graph_conn,0.892075
Azimuth,scDREAMER,NMI_cluster/label,0.782423505
Azimuth,scDREAMER,ARI_cluster/label,0.573881498
Azimuth,scDREAMER,ASW_label,0.617022486
Azimuth,scDREAMER,ASW_label/batch,0.737517964
Azimuth,scDREAMER,isolated_label_F1,0.975719474
Azimuth,scDREAMER,isolated_label_silhouette,0.507646683
Azimuth,scDREAMER,graph_conn,0.975719474
Azimuth,ItClust,NMI_cluster/label,0.741467677
Azimuth,ItClust,ARI_cluster/label,0.551101185
Azimuth,ItClust,ASW_label,0.556016484
Azimuth,ItClust,ASW_label/batch,0.306818293
Azimuth,ItClust,isolated_label_F1,0.663560402
Azimuth,ItClust,isolated_label_silhouette,0.583338717
Azimuth,ItClust,graph_conn,0.726105942
singleR,scDREAMER,NMI_cluster/label,0.749991345
singleR,scDREAMER,ARI_cluster/label,0.545559487
singleR,scDREAMER,ASW_label,0.579163942
singleR,scDREAMER,ASW_label/batch,0.777555592
singleR,scDREAMER,isolated_label_F1,0.436983946
singleR,scDREAMER,isolated_label_silhouette,0.476848262
singleR,scDREAMER,graph_conn,0.984701214
singleR,ItClust,NMI_cluster/label,0.533650819
singleR,ItClust,ARI_cluster/label,0.363981123
singleR,ItClust,ASW_label,0.471856051
singleR,ItClust,ASW_label/batch,0.458863473
singleR,ItClust,isolated_label_F1,0.431279798
singleR,ItClust,isolated_label_silhouette,0.4594016
singleR,ItClust,graph_conn,0.635870707
CellAssign,scDREAMER,NMI_cluster/label,0.743387576
CellAssign,scDREAMER,ARI_cluster/label,0.504449234
CellAssign,scDREAMER,ASW_label,0.600749391
CellAssign,scDREAMER,ASW_label/batch,0.769558056
CellAssign,scDREAMER,isolated_label_F1,0.986024014
CellAssign,scDREAMER,isolated_label_silhouette,0.475708393
CellAssign,scDREAMER,graph_conn,0.98602401
CellAssign,ItClust,NMI_cluster/label,0.301094508
CellAssign,ItClust,ARI_cluster/label,0.166400199
CellAssign,ItClust,ASW_label,0.324886345
CellAssign,ItClust,ASW_label/batch,0.422422794
CellAssign,ItClust,isolated_label_F1,0.259374823
CellAssign,ItClust,isolated_label_silhouette,0.300973284
CellAssign,ItClust,graph_conn,0.442816296
Azimuth,scDREAMER,kBET,0.133072804
Azimuth,ItClust,kBET,0.121056231
singleR,scDREAMER,kBET,0.198322417
singleR,ItClust,kBET,0.070402278
CellAssign,scDREAMER,kBET,0.177047972
CellAssign,ItClust,kBET,0.04973111
Azimuth,scDREAMER,pos_rate,0.923265896
Azimuth,ItClust,pos_rate,0.77933526
singleR,scDREAMER,pos_rate,0.907851638
singleR,ItClust,pos_rate,0.528323699
CellAssign,scDREAMER,pos_rate,0.913535645
CellAssign,ItClust,pos_rate,0.329913295
Azimuth,scDREAMER,truepos_rate,0.15544316
Azimuth,ItClust,truepos_rate,0.190847784
singleR,scDREAMER,truepos_rate,0.213246628
singleR,ItClust,truepos_rate,0.150722543
CellAssign,scDREAMER,truepos_rate,0.252119461
CellAssign,ItClust,truepos_rate,0.093882466
full_annotated_supervised,scANVI,kBET,0.153522188
full_annotated_supervised,scGEN,kBET,0.313788547
full_annotated_supervised,STACAS,kBET,0.144511636
CellAssign,scANVI,kBET,0.140382278
CellAssign,STACAS,kBET,0.137172486
Azimuth,scANVI,kBET,0.149303529
singleR,scANVI,kBET,0.163158236
singleR,STACAS,kBET,0.138670883
mixing_at_edge_30,scANVI,kBET,0.158304867
mixing_at_edge_30,scGEN,kBET,0.322211055
mixing_at_edge_30,STACAS,kBET,0.144749958
mixing_at_edge_50,scANVI,kBET,0.158119538
mixing_at_edge_50,scGEN,kBET,0.321360915
mixing_at_edge_50,STACAS,kBET,0.145011191
mixing_at_edge_70,scANVI,kBET,0.1540402
mixing_at_edge_70,scGEN,kBET,0.320190459
mixing_at_edge_70,STACAS,kBET,0.14617413
randomly_missing_30,scANVI,kBET,0.156522031
randomly_missing_30,scGEN,kBET,0.317586847
randomly_missing_30,STACAS,kBET,0.146898503
randomly_missing_50,scANVI,kBET,0.157193345
randomly_missing_50,scGEN,kBET,0.319622796
randomly_missing_50,STACAS,kBET,0.138071183
randomly_missing_70,scANVI,kBET,0.159561311
randomly_missing_70,scGEN,kBET,0.283425817
randomly_missing_70,STACAS,kBET,0.146770654
mixing_at_edge_30,scDREAMER,kBET,0.444763
mixing_at_edge_30,ItClust,kBET,0.171813
mixing_at_edge_50,scDREAMER,kBET,0.463998
mixing_at_edge_50,ItClust,kBET,0.197861
mixing_at_edge_70,scDREAMER,kBET,0.442492
mixing_at_edge_70,ItClust,kBET,0.207828
randomly_missing_30,scDREAMER,kBET,0.233748864
randomly_missing_30,ItClust,kBET,0.087678
randomly_missing_50,scDREAMER,kBET,0.23682707
randomly_missing_50,ItClust,kBET,0.143344
randomly_missing_70,scDREAMER,kBET,0.252588075
randomly_missing_70,ItClust,kBET,0.105295
CellAssign,scDREAMER,lisi_c,0.987787881
CellAssign,ItClust,lisi_c,0.855099062
Azimuth,scDREAMER,lisi_c,0.988909106
Azimuth,ItClust,lisi_c,0.97304411
singleR,scDREAMER,lisi_c,0.985868033
singleR,ItClust,lisi_c,0.938327776
CellAssign,scDREAMER,lisi_b,0.155126932
CellAssign,ItClust,lisi_b,0.142083091
Azimuth,scDREAMER,lisi_b,0.089236261
Azimuth,ItClust,lisi_b,0.112088994
singleR,scDREAMER,lisi_b,0.134325973
singleR,ItClust,lisi_b,0.199653193
CellAssign,scDREAMER,lisi_f1,0.268143351
CellAssign,ItClust,lisi_f1,0.24367688
Azimuth,scDREAMER,lisi_f1,0.163700654
Azimuth,ItClust,lisi_f1,0.201021488
singleR,scDREAMER,lisi_f1,0.236437049
singleR,ItClust,lisi_f1,0.329250034
unsupervised,scVI,pos_rate,0.917245
unsupervised,Harmony,pos_rate,0.916859
unsupervised,scCRAFT,pos_rate,0.905636
unsupervised,Seurat,pos_rate,0.938198
unsupervised,scVI,truepos_rate,0.256166
unsupervised,Harmony,truepos_rate,0.229913
unsupervised,scCRAFT,truepos_rate,0.286609
unsupervised,Seurat,truepos_rate,0.09157
unsupervised,scVI,kBET,0.164297
unsupervised,Harmony,kBET,0.241204
unsupervised,scCRAFT,kBET,0.240253
unsupervised,Seurat,kBET,0.068524
unsupervised,scVI,lisi_c,0.988075
unsupervised,Harmony,lisi_c,0.989873
unsupervised,scCRAFT,lisi_c,0.988255
unsupervised,Seurat,lisi_c,0.990908
unsupervised,scVI,lisi_b,0.145504
unsupervised,Harmony,lisi_b,0.163414
unsupervised,scCRAFT,lisi_b,0.305647
unsupervised,Seurat,lisi_b,0.010674
unsupervised,scVI,lisi_f1,0.253655
unsupervised,Harmony,lisi_f1,0.280518
unsupervised,scCRAFT,lisi_f1,0.466893
unsupervised,Seurat,lisi_f1,0.02112
missing_and_mixing_at_edge_70,scANVI,NMI_cluster/label,0.823220838
missing_and_mixing_at_edge_70,scANVI,ARI_cluster/label,0.698244466
missing_and_mixing_at_edge_70,scANVI,ASW_label,0.622748034
missing_and_mixing_at_edge_70,scANVI,ASW_label/batch,0.839906738
missing_and_mixing_at_edge_70,scANVI,graph_conn,0.985112338
missing_and_mixing_at_edge_70,scGEN,NMI_cluster/label,0.827957518
missing_and_mixing_at_edge_70,scGEN,ARI_cluster/label,0.699598793
missing_and_mixing_at_edge_70,scGEN,ASW_label,0.601214038
missing_and_mixing_at_edge_70,scGEN,ASW_label/batch,0.8804246
missing_and_mixing_at_edge_70,scGEN,graph_conn,0.975126452
missing_and_mixing_at_edge_70,STACAS,NMI_cluster/label,0.80857352
missing_and_mixing_at_edge_70,STACAS,ARI_cluster/label,0.644794001
missing_and_mixing_at_edge_70,STACAS,ASW_label,0.640190095
missing_and_mixing_at_edge_70,STACAS,ASW_label/batch,0.782921695
missing_and_mixing_at_edge_70,STACAS,graph_conn,0.983810172
missing_and_mixing_at_edge_70,scDREAMER,NMI_cluster/label,0.814649195
missing_and_mixing_at_edge_70,scDREAMER,ARI_cluster/label,0.697363972
missing_and_mixing_at_edge_70,scDREAMER,ASW_label,0.646477153
missing_and_mixing_at_edge_70,scDREAMER,ASW_label/batch,0.804117855
missing_and_mixing_at_edge_70,scDREAMER,graph_conn,0.980820506
missing_and_mixing_at_edge_70,ItClust,NMI_cluster/label,0.777594466
missing_and_mixing_at_edge_70,ItClust,ARI_cluster/label,0.699919082
missing_and_mixing_at_edge_70,ItClust,ASW_label,0.752983897
missing_and_mixing_at_edge_70,ItClust,ASW_label/batch,0.40458155
missing_and_mixing_at_edge_70,ItClust,graph_conn,0.851852657
missing_and_mixing_at_edge_50,scANVI,NMI_cluster/label,0.840415195
missing_and_mixing_at_edge_50,scANVI,ARI_cluster/label,0.732932937
missing_and_mixing_at_edge_50,scANVI,ASW_label,0.630285468
missing_and_mixing_at_edge_50,scANVI,ASW_label/batch,0.847367894
missing_and_mixing_at_edge_50,scANVI,graph_conn,0.987147886
missing_and_mixing_at_edge_50,scGEN,NMI_cluster/label,0.841802114
missing_and_mixing_at_edge_50,scGEN,ARI_cluster/label,0.742847956
missing_and_mixing_at_edge_50,scGEN,ASW_label,0.610616478
missing_and_mixing_at_edge_50,scGEN,ASW_label/batch,0.87658004
missing_and_mixing_at_edge_50,scGEN,graph_conn,0.978752618
missing_and_mixing_at_edge_50,STACAS,NMI_cluster/label,0.771446357
missing_and_mixing_at_edge_50,STACAS,ARI_cluster/label,0.558933802
missing_and_mixing_at_edge_50,STACAS,ASW_label,0.620247173
missing_and_mixing_at_edge_50,STACAS,ASW_label/batch,0.779089726
missing_and_mixing_at_edge_50,STACAS,graph_conn,0.983866888
missing_and_mixing_at_edge_50,scDREAMER,NMI_cluster/label,0.814649195
missing_and_mixing_at_edge_50,scDREAMER,ARI_cluster/label,0.697363972
missing_and_mixing_at_edge_50,scDREAMER,ASW_label,0.646477153
missing_and_mixing_at_edge_50,scDREAMER,ASW_label/batch,0.804117855
missing_and_mixing_at_edge_50,scDREAMER,graph_conn,0.980820506
missing_and_mixing_at_edge_50,ItClust,NMI_cluster/label,0.800021902
missing_and_mixing_at_edge_50,ItClust,ARI_cluster/label,0.716992162
missing_and_mixing_at_edge_50,ItClust,ASW_label,0.809818296
missing_and_mixing_at_edge_50,ItClust,ASW_label/batch,0.382092303
missing_and_mixing_at_edge_50,ItClust,graph_conn,0.865903121
missing_and_mixing_at_edge_30,scANVI,NMI_cluster/label,0.836432072
missing_and_mixing_at_edge_30,scANVI,ARI_cluster/label,0.719668881
missing_and_mixing_at_edge_30,scANVI,ASW_label,0.633458458
missing_and_mixing_at_edge_30,scANVI,ASW_label/batch,0.845751367
missing_and_mixing_at_edge_30,scANVI,graph_conn,0.986052653
missing_and_mixing_at_edge_30,scGEN,NMI_cluster/label,0.840100321
missing_and_mixing_at_edge_30,scGEN,ARI_cluster/label,0.743797571
missing_and_mixing_at_edge_30,scGEN,ASW_label,0.606848038
missing_and_mixing_at_edge_30,scGEN,ASW_label/batch,0.881812146
missing_and_mixing_at_edge_30,scGEN,graph_conn,0.980759694
missing_and_mixing_at_edge_30,STACAS,NMI_cluster/label,0.768777655
missing_and_mixing_at_edge_30,STACAS,ARI_cluster/label,0.55189899
missing_and_mixing_at_edge_30,STACAS,ASW_label,0.620532795
missing_and_mixing_at_edge_30,STACAS,ASW_label/batch,0.776742058
missing_and_mixing_at_edge_30,STACAS,graph_conn,0.983632994
missing_and_mixing_at_edge_30,scDREAMER,NMI_cluster/label,0.873032849
missing_and_mixing_at_edge_30,scDREAMER,ARI_cluster/label,0.791017432
missing_and_mixing_at_edge_30,scDREAMER,ASW_label,0.660712026
missing_and_mixing_at_edge_30,scDREAMER,ASW_label/batch,0.808441995
missing_and_mixing_at_edge_30,scDREAMER,graph_conn,0.98250435
missing_and_mixing_at_edge_30,ItClust,NMI_cluster/label,0.828852295
missing_and_mixing_at_edge_30,ItClust,ARI_cluster/label,0.749250462
missing_and_mixing_at_edge_30,ItClust,ASW_label,0.821260509
missing_and_mixing_at_edge_30,ItClust,ASW_label/batch,0.369687185
missing_and_mixing_at_edge_30,ItClust,graph_conn,0.845057307
missing_and_mixing_at_edge_70,scANVI,lisi_c,0.991405
missing_and_mixing_at_edge_70,scGEN,lisi_c,0.9916309
missing_and_mixing_at_edge_70,STACAS,lisi_c,0.991292482
missing_and_mixing_at_edge_70,scDREAMER,lisi_c,0.989976823
missing_and_mixing_at_edge_70,ItClust,lisi_c,0.984390134
missing_and_mixing_at_edge_50,scANVI,lisi_c,0.992463761
missing_and_mixing_at_edge_50,scGEN,lisi_c,0.992022617
missing_and_mixing_at_edge_50,STACAS,lisi_c,0.991087172
missing_and_mixing_at_edge_50,scDREAMER,lisi_c,0.989976823
missing_and_mixing_at_edge_50,ItClust,lisi_c,0.986681917
missing_and_mixing_at_edge_30,scANVI,lisi_c,0.993387695
missing_and_mixing_at_edge_30,scGEN,lisi_c,0.992243227
missing_and_mixing_at_edge_30,STACAS,lisi_c,0.991067362
missing_and_mixing_at_edge_30,scDREAMER,lisi_c,0.99440618
missing_and_mixing_at_edge_30,ItClust,lisi_c,0.985729008
missing_and_mixing_at_edge_70,scANVI,lisi_b,0.119284967
missing_and_mixing_at_edge_70,scGEN,lisi_b,0.259039941
missing_and_mixing_at_edge_70,STACAS,lisi_b,0.106255362
missing_and_mixing_at_edge_70,scDREAMER,lisi_b,0.168228174
missing_and_mixing_at_edge_70,ItClust,lisi_b,0.17267209
missing_and_mixing_at_edge_50,scANVI,lisi_b,0.124213747
missing_and_mixing_at_edge_50,scGEN,lisi_b,0.260255688
missing_and_mixing_at_edge_50,STACAS,lisi_b,0.064292635
missing_and_mixing_at_edge_50,scDREAMER,lisi_b,0.168228174
missing_and_mixing_at_edge_50,ItClust,lisi_b,0.196585701
missing_and_mixing_at_edge_30,scANVI,lisi_b,0.127863814
missing_and_mixing_at_edge_30,scGEN,lisi_b,0.263982138
missing_and_mixing_at_edge_30,STACAS,lisi_b,0.064813845
missing_and_mixing_at_edge_30,scDREAMER,lisi_b,0.159032851
missing_and_mixing_at_edge_30,ItClust,lisi_b,0.187018737
missing_and_mixing_at_edge_70,scANVI,lisi_f1,0.212948197
missing_and_mixing_at_edge_70,scGEN,lisi_f1,0.410774764
missing_and_mixing_at_edge_70,STACAS,lisi_f1,0.191937221
missing_and_mixing_at_edge_70,scDREAMER,lisi_f1,0.287586384
missing_and_mixing_at_edge_70,ItClust,lisi_f1,0.293807365
missing_and_mixing_at_edge_50,scANVI,lisi_f1,0.220793634
missing_and_mixing_at_edge_50,scGEN,lisi_f1,0.412335705
missing_and_mixing_at_edge_50,STACAS,lisi_f1,0.12075199
missing_and_mixing_at_edge_50,scDREAMER,lisi_f1,0.287586384
missing_and_mixing_at_edge_50,ItClust,lisi_f1,0.327850697
missing_and_mixing_at_edge_30,scANVI,lisi_f1,0.226565295
missing_and_mixing_at_edge_30,scGEN,lisi_f1,0.417018309
missing_and_mixing_at_edge_30,STACAS,lisi_f1,0.121670669
missing_and_mixing_at_edge_30,scDREAMER,lisi_f1,0.274211719
missing_and_mixing_at_edge_30,ItClust,lisi_f1,0.314389509
missing_and_mixing_at_edge_70,scANVI,pos_rate,0.931213873
missing_and_mixing_at_edge_70,scGEN,pos_rate,0.933236994
missing_and_mixing_at_edge_70,STACAS,pos_rate,0.930057803
missing_and_mixing_at_edge_70,scDREAMER,pos_rate,0.920231214
missing_and_mixing_at_edge_70,ItClust,pos_rate,0.875192678
missing_and_mixing_at_edge_50,scANVI,pos_rate,0.939788054
missing_and_mixing_at_edge_50,scGEN,pos_rate,0.936849711
missing_and_mixing_at_edge_50,STACAS,pos_rate,0.929672447
missing_and_mixing_at_edge_50,scDREAMER,pos_rate,0.920231214
missing_and_mixing_at_edge_50,ItClust,pos_rate,0.888631985
missing_and_mixing_at_edge_30,scANVI,pos_rate,0.948988439
missing_and_mixing_at_edge_30,scGEN,pos_rate,0.94026975
missing_and_mixing_at_edge_30,STACAS,pos_rate,0.929720617
missing_and_mixing_at_edge_30,scDREAMER,pos_rate,0.956888247
missing_and_mixing_at_edge_30,ItClust,pos_rate,0.892630058
missing_and_mixing_at_edge_70,scANVI,truepos_rate,0.207369942
missing_and_mixing_at_edge_70,scGEN,truepos_rate,0.33371869
missing_and_mixing_at_edge_70,STACAS,truepos_rate,0.156647399
missing_and_mixing_at_edge_70,scDREAMER,truepos_rate,0.265414258
missing_and_mixing_at_edge_70,ItClust,truepos_rate,0.296001927
missing_and_mixing_at_edge_50,scANVI,truepos_rate,0.216377649
missing_and_mixing_at_edge_50,scGEN,truepos_rate,0.337283237
missing_and_mixing_at_edge_50,STACAS,truepos_rate,0.154094412
missing_and_mixing_at_edge_50,scDREAMER,truepos_rate,0.265414258
missing_and_mixing_at_edge_50,ItClust,truepos_rate,0.333863198
missing_and_mixing_at_edge_30,scANVI,truepos_rate,0.220905588
missing_and_mixing_at_edge_30,scGEN,truepos_rate,0.333863198
missing_and_mixing_at_edge_30,STACAS,truepos_rate,0.155009634
missing_and_mixing_at_edge_30,scDREAMER,truepos_rate,0.254576108
missing_and_mixing_at_edge_30,ItClust,truepos_rate,0.329913295
missing_and_mixing_at_edge_70,scANVI,kBET,0.152395178
missing_and_mixing_at_edge_70,scGEN,kBET,0.289283091
missing_and_mixing_at_edge_70,STACAS,kBET,0.182851921
missing_and_mixing_at_edge_70,scDREAMER,kBET,0.177625304
missing_and_mixing_at_edge_70,ItClust,kBET,0.183910053
missing_and_mixing_at_edge_50,scANVI,kBET,0.156235422
missing_and_mixing_at_edge_50,scGEN,kBET,0.317737297
missing_and_mixing_at_edge_50,STACAS,kBET,0.142916646
missing_and_mixing_at_edge_50,scDREAMER,kBET,0.179096417
missing_and_mixing_at_edge_50,ItClust,kBET,0.191058344
missing_and_mixing_at_edge_30,scANVI,kBET,0.162516127
missing_and_mixing_at_edge_30,scGEN,kBET,0.294510196
missing_and_mixing_at_edge_30,STACAS,kBET,0.14143119
missing_and_mixing_at_edge_30,scDREAMER,kBET,0.191427001
missing_and_mixing_at_edge_30,ItClust,kBET,0.171756162
partially_annotated_batches_0,scANVI,lisi_c,0.991
partially_annotated_batches_0,scGEN,lisi_c,0.991
partially_annotated_batches_0,scDREAMER,lisi_c,0.997
partially_annotated_batches_0,ItClust,lisi_c,0.982
partially_annotated_batches_0,scANVI,lisi_b,0.094
partially_annotated_batches_0,scGEN,lisi_b,0.003
partially_annotated_batches_0,scDREAMER,lisi_b,0.002
partially_annotated_batches_0,ItClust,lisi_b,0.021
partially_annotated_batches_0,scANVI,lisi_f1,0.172
partially_annotated_batches_0,scGEN,lisi_f1,0.007
partially_annotated_batches_0,scDREAMER,lisi_f1,0.003
partially_annotated_batches_0,ItClust,lisi_f1,0.041
partially_annotated_batches_1,scANVI,lisi_c,0.991
partially_annotated_batches_1,scGEN,lisi_c,0.991
partially_annotated_batches_1,scDREAMER,lisi_c,0.991
partially_annotated_batches_1,ItClust,lisi_c,0.932
partially_annotated_batches_1,scANVI,lisi_b,0.106
partially_annotated_batches_1,scGEN,lisi_b,0.003
partially_annotated_batches_1,scDREAMER,lisi_b,0.002
partially_annotated_batches_1,ItClust,lisi_b,0
partially_annotated_batches_1,scANVI,lisi_f1,0.192
partially_annotated_batches_1,scGEN,lisi_f1,0.007
partially_annotated_batches_1,scDREAMER,lisi_f1,0.004
partially_annotated_batches_1,ItClust,lisi_f1,0
partially_annotated_batches_0,scANVI,NMI_cluster/label,0.81743089
partially_annotated_batches_0,scANVI,ARI_cluster/label,0.714804268
partially_annotated_batches_0,scANVI,ASW_label,0.604864791
partially_annotated_batches_0,scANVI,ASW_label/batch,0.810174762
partially_annotated_batches_0,scANVI,graph_conn,0.989525354
partially_annotated_batches_0,scGEN,NMI_cluster/label,0.762761767
partially_annotated_batches_0,scGEN,ARI_cluster/label,0.524199039
partially_annotated_batches_0,scGEN,ASW_label,0.568876106
partially_annotated_batches_0,scGEN,ASW_label/batch,0.645467715
partially_annotated_batches_0,scGEN,graph_conn,0.887265576
partially_annotated_batches_0,scDREAMER,NMI_cluster/label,0.834107548
partially_annotated_batches_0,scDREAMER,ARI_cluster/label,0.619757898
partially_annotated_batches_0,scDREAMER,ASW_label,0.61343228
partially_annotated_batches_0,scDREAMER,ASW_label/batch,0.504121137
partially_annotated_batches_0,scDREAMER,graph_conn,0.826072263
partially_annotated_batches_0,ItClust,NMI_cluster/label,0.811444986
partially_annotated_batches_0,ItClust,ARI_cluster/label,0.619420815
partially_annotated_batches_0,ItClust,ASW_label,0.669304085
partially_annotated_batches_0,ItClust,ASW_label/batch,0.182620869
partially_annotated_batches_0,ItClust,graph_conn,0.838506767
partially_annotated_batches_1,scANVI,NMI_cluster/label,0.812704952
partially_annotated_batches_1,scANVI,ARI_cluster/label,0.694987544
partially_annotated_batches_1,scANVI,ASW_label,0.600726178
partially_annotated_batches_1,scANVI,ASW_label/batch,0.822741092
partially_annotated_batches_1,scANVI,graph_conn,0.987958572
partially_annotated_batches_1,scGEN,NMI_cluster/label,0.767254517
partially_annotated_batches_1,scGEN,ARI_cluster/label,0.529100927
partially_annotated_batches_1,scGEN,ASW_label,0.565800354
partially_annotated_batches_1,scGEN,ASW_label/batch,0.640080777
partially_annotated_batches_1,scGEN,graph_conn,0.855526499
partially_annotated_batches_1,scDREAMER,NMI_cluster/label,0.758812759
partially_annotated_batches_1,scDREAMER,ARI_cluster/label,0.497055735
partially_annotated_batches_1,scDREAMER,ASW_label,0.601982545
partially_annotated_batches_1,scDREAMER,ASW_label/batch,0.525847811
partially_annotated_batches_1,scDREAMER,graph_conn,0.909459547
partially_annotated_batches_1,ItClust,NMI_cluster/label,0.430045507
partially_annotated_batches_1,ItClust,ARI_cluster/label,0.192168959
partially_annotated_batches_1,ItClust,ASW_label,0.290813534
partially_annotated_batches_1,ItClust,ASW_label/batch,0.038018052
partially_annotated_batches_1,ItClust,graph_conn,0.6770357
partially_annotated_batches_0,scANVI,pos_rate,0.93208092
partially_annotated_batches_0,scGEN,pos_rate,0.93757225
partially_annotated_batches_0,scDREAMER,pos_rate,0.98328516
partially_annotated_batches_0,ItClust,pos_rate,0.8504817
partially_annotated_batches_1,scANVI,pos_rate,0.93285164
partially_annotated_batches_1,scGEN,pos_rate,0.93906551
partially_annotated_batches_1,scDREAMER,pos_rate,0.93776493
partially_annotated_batches_1,ItClust,pos_rate,0.58790944
partially_annotated_batches_0,scANVI,truepos_rate,0.18564547
partially_annotated_batches_0,scGEN,truepos_rate,0.09060694
partially_annotated_batches_0,scDREAMER,truepos_rate,0.08212909
partially_annotated_batches_0,ItClust,truepos_rate,0.09132948
partially_annotated_batches_1,scANVI,truepos_rate,0.20293834
partially_annotated_batches_1,scGEN,truepos_rate,0.08858382
partially_annotated_batches_1,scDREAMER,truepos_rate,0.08578998
partially_annotated_batches_1,ItClust,truepos_rate,0.11411368
unsupervised,scanorama,lisi_b,0.152
unsupervised,scanorama,lisi_c,0.99
unsupervised,scanorama,lisi_f1,0.264
unsupervised,scanorama,NMI_cluster/label,0.813439522
unsupervised,scanorama,ARI_cluster/label,0.604865603
unsupervised,scanorama,ASW_label,0.601006892
unsupervised,scanorama,ASW_label/batch,0.846854635
unsupervised,scanorama,isolated_label_F1,0.864556767
unsupervised,scanorama,isolated_label_silhouette,0.605806909
unsupervised,scanorama,graph_conn,0.971239275
unsupervised,scanorama,pos_rate,0.928083
unsupervised,scanorama,truepos_rate,0.173603
unsupervised,scanorama,kBET,0.198972
randomly_wrong_30,scANVI,NMI_cluster/label,0.844687133
randomly_wrong_30,scANVI,ARI_cluster/label,0.770475616
randomly_wrong_30,scANVI,ASW_label,0.635784696
randomly_wrong_30,scANVI,ASW_label/batch,0.838473529
randomly_wrong_30,scANVI,graph_conn,0.982212647
randomly_wrong_30,scGEN,NMI_cluster/label,0.779260423
randomly_wrong_30,scGEN,ARI_cluster/label,0.645837749
randomly_wrong_30,scGEN,ASW_label,0.571445954
randomly_wrong_30,scGEN,ASW_label/batch,0.833855083
randomly_wrong_30,scGEN,graph_conn,0.981611403
randomly_wrong_30,STACAS,NMI_cluster/label,0.798046539
randomly_wrong_30,STACAS,ARI_cluster/label,0.610511815
randomly_wrong_30,STACAS,ASW_label,0.635389533
randomly_wrong_30,STACAS,ASW_label/batch,0.782720184
randomly_wrong_30,STACAS,graph_conn,0.984086913
randomly_wrong_30,scDREAMER,NMI_cluster/label,0.787159715
randomly_wrong_30,scDREAMER,ARI_cluster/label,0.658454806
randomly_wrong_30,scDREAMER,ASW_label,0.62999239
randomly_wrong_30,scDREAMER,ASW_label/batch,0.876432434
randomly_wrong_30,scDREAMER,graph_conn,0.986597581
randomly_wrong_30,ItClust,NMI_cluster/label,0.499528158
randomly_wrong_30,ItClust,ARI_cluster/label,0.456108006
randomly_wrong_30,ItClust,ASW_label,0.568941202
randomly_wrong_30,ItClust,ASW_label/batch,0.435829105
randomly_wrong_30,ItClust,graph_conn,0.654614119
randomly_wrong_50,scANVI,NMI_cluster/label,0.819026466
randomly_wrong_50,scANVI,ARI_cluster/label,0.728764245
randomly_wrong_50,scANVI,ASW_label,0.60479287
randomly_wrong_50,scANVI,ASW_label/batch,0.853885632
randomly_wrong_50,scANVI,graph_conn,0.979681294
randomly_wrong_50,scGEN,NMI_cluster/label,0.776637628
randomly_wrong_50,scGEN,ARI_cluster/label,0.619103702
randomly_wrong_50,scGEN,ASW_label,0.564487993
randomly_wrong_50,scGEN,ASW_label/batch,0.800551379
randomly_wrong_50,scGEN,graph_conn,0.986503455
randomly_wrong_50,STACAS,NMI_cluster/label,0.780401286
randomly_wrong_50,STACAS,ARI_cluster/label,0.573375704
randomly_wrong_50,STACAS,ASW_label,0.617440028
randomly_wrong_50,STACAS,ASW_label/batch,0.761817051
randomly_wrong_50,STACAS,graph_conn,0.984297043
randomly_wrong_50,scDREAMER,NMI_cluster/label,0.659565844
randomly_wrong_50,scDREAMER,ARI_cluster/label,0.437213706
randomly_wrong_50,scDREAMER,ASW_label,0.597531405
randomly_wrong_50,scDREAMER,ASW_label/batch,0.901763535
randomly_wrong_50,scDREAMER,graph_conn,0.983849861
randomly_wrong_50,ItClust,NMI_cluster/label,0.290953707
randomly_wrong_50,ItClust,ARI_cluster/label,0.230740729
randomly_wrong_50,ItClust,ASW_label,0.477042691
randomly_wrong_50,ItClust,ASW_label/batch,0.634390553
randomly_wrong_50,ItClust,graph_conn,0.481894947
randomly_wrong_70,scANVI,NMI_cluster/label,0.824323675
randomly_wrong_70,scANVI,ARI_cluster/label,0.711153986
randomly_wrong_70,scANVI,ASW_label,0.569095891
randomly_wrong_70,scANVI,ASW_label/batch,0.865906812
randomly_wrong_70,scANVI,graph_conn,0.987637039
randomly_wrong_70,scGEN,NMI_cluster/label,0.761911096
randomly_wrong_70,scGEN,ARI_cluster/label,0.531116992
randomly_wrong_70,scGEN,ASW_label,0.569588305
randomly_wrong_70,scGEN,ASW_label/batch,0.746398727
randomly_wrong_70,scGEN,graph_conn,0.961825779
randomly_wrong_70,STACAS,NMI_cluster/label,0.789518885
randomly_wrong_70,STACAS,ARI_cluster/label,0.608130597
randomly_wrong_70,STACAS,ASW_label,0.63506425
randomly_wrong_70,STACAS,ASW_label/batch,0.781255586
randomly_wrong_70,STACAS,graph_conn,0.975286538
randomly_wrong_70,scDREAMER,NMI_cluster/label,0.615128297
randomly_wrong_70,scDREAMER,ARI_cluster/label,0.326417607
randomly_wrong_70,scDREAMER,ASW_label,0.565152371
randomly_wrong_70,scDREAMER,ASW_label/batch,0.911064872
randomly_wrong_70,scDREAMER,graph_conn,0.980412719
randomly_wrong_70,ItClust,NMI_cluster/label,0.151692796
randomly_wrong_70,ItClust,ARI_cluster/label,0.073575133
randomly_wrong_70,ItClust,ASW_label,0.435683286
randomly_wrong_70,ItClust,ASW_label/batch,0.780937187
randomly_wrong_70,ItClust,graph_conn,0.336308629
randomly_wrong_30,scANVI,pos_rate,0.927023121
randomly_wrong_30,scGEN,pos_rate,0.93039499
randomly_wrong_30,STACAS,pos_rate,0.929142582
randomly_wrong_30,scDREAMER,pos_rate,0.933477842
randomly_wrong_30,ItClust,pos_rate,0.648458574
randomly_wrong_50,scANVI,pos_rate,0.898169557
randomly_wrong_50,scGEN,pos_rate,0.930684008
randomly_wrong_50,STACAS,pos_rate,0.930587669
randomly_wrong_50,scDREAMER,pos_rate,0.910356455
randomly_wrong_50,ItClust,pos_rate,0.454624277
randomly_wrong_70,scANVI,pos_rate,0.921676301
randomly_wrong_70,scGEN,pos_rate,0.937379576
randomly_wrong_70,STACAS,pos_rate,0.929287091
randomly_wrong_70,scDREAMER,pos_rate,0.887813102
randomly_wrong_70,ItClust,pos_rate,0.184152216
randomly_wrong_30,scANVI,truepos_rate,0.297928709
randomly_wrong_30,scGEN,truepos_rate,0.255057803
randomly_wrong_30,STACAS,truepos_rate,0.143256262
randomly_wrong_30,scDREAMER,truepos_rate,0.556262042
randomly_wrong_30,ItClust,truepos_rate,0.159200385
randomly_wrong_50,scANVI,truepos_rate,0.276637765
randomly_wrong_50,scGEN,truepos_rate,0.154720617
randomly_wrong_50,STACAS,truepos_rate,0.145086705
randomly_wrong_50,scDREAMER,truepos_rate,0.589354528
randomly_wrong_50,ItClust,truepos_rate,0.135163776
randomly_wrong_70,scANVI,truepos_rate,0.254768786
randomly_wrong_70,scGEN,truepos_rate,0.107755299
randomly_wrong_70,STACAS,truepos_rate,0.144797688
randomly_wrong_70,scDREAMER,truepos_rate,0.599277457
randomly_wrong_70,ItClust,truepos_rate,0.057032755
randomly_wrong_30,scANVI,kBET,0.291765506
randomly_wrong_30,scGEN,kBET,0.126131129
randomly_wrong_30,STACAS,kBET,0.168820169
randomly_wrong_30,scDREAMER,kBET,0.424118615
randomly_wrong_30,ItClust,kBET,0.084218148
randomly_wrong_50,scANVI,kBET,0.246974702
randomly_wrong_50,scGEN,kBET,0.091198346
randomly_wrong_50,STACAS,kBET,0.142887173
randomly_wrong_50,scDREAMER,kBET,0.554789992
randomly_wrong_50,ItClust,kBET,0.10192316
randomly_wrong_70,scANVI,kBET,0.175463366
randomly_wrong_70,scGEN,kBET,0.066793594
randomly_wrong_70,STACAS,kBET,0.159232672
randomly_wrong_70,scDREAMER,kBET,0.589702099
randomly_wrong_70,ItClust,kBET,0.012426945
randomly_wrong_30,scANVI,lisi_c,0.990459325
randomly_wrong_30,scGEN,lisi_c,0.989888185
randomly_wrong_30,STACAS,lisi_c,0.991144585
randomly_wrong_30,scDREAMER,lisi_c,0.989976574
randomly_wrong_30,ItClust,lisi_c,0.948216803
randomly_wrong_50,scANVI,lisi_c,0.986204536
randomly_wrong_50,scGEN,lisi_c,0.98956008
randomly_wrong_50,STACAS,lisi_c,0.99110834
randomly_wrong_50,scDREAMER,lisi_c,0.986623586
randomly_wrong_50,ItClust,lisi_c,0.888349302
randomly_wrong_70,scANVI,lisi_c,0.987676557
randomly_wrong_70,scGEN,lisi_c,0.990284359
randomly_wrong_70,STACAS,lisi_c,0.99116404
randomly_wrong_70,scDREAMER,lisi_c,0.983352985
randomly_wrong_70,ItClust,lisi_c,0.800348566
randomly_wrong_30,scANVI,lisi_b,0.217367772
randomly_wrong_30,scGEN,lisi_b,0.142391013
randomly_wrong_30,STACAS,lisi_b,0.085163841
randomly_wrong_30,scDREAMER,lisi_b,0.388482456
randomly_wrong_30,ItClust,lisi_b,0.178625061
randomly_wrong_50,scANVI,lisi_b,0.20026551
randomly_wrong_50,scGEN,lisi_b,0.074993065
randomly_wrong_50,STACAS,lisi_b,0.05441091
randomly_wrong_50,scDREAMER,lisi_b,0.38891463
randomly_wrong_50,ItClust,lisi_b,0.185792915
randomly_wrong_70,scANVI,lisi_b,0.164709187
randomly_wrong_70,scGEN,lisi_b,0.02315958
randomly_wrong_70,STACAS,lisi_b,0.081939615
randomly_wrong_70,scDREAMER,lisi_b,0.377249401
randomly_wrong_70,ItClust,lisi_b,0.224819446
randomly_wrong_30,scANVI,lisi_f1,0.356497942
randomly_wrong_30,scGEN,lisi_f1,0.24896895
randomly_wrong_30,STACAS,lisi_f1,0.156850356
randomly_wrong_30,scDREAMER,lisi_f1,0.557997767
randomly_wrong_30,ItClust,lisi_f1,0.300619439
randomly_wrong_50,scANVI,lisi_f1,0.332924974
randomly_wrong_50,scGEN,lisi_f1,0.139420269
randomly_wrong_50,STACAS,lisi_f1,0.103158515
randomly_wrong_50,scDREAMER,lisi_f1,0.557908668
randomly_wrong_50,ItClust,lisi_f1,0.307313136
randomly_wrong_70,scANVI,lisi_f1,0.282334979
randomly_wrong_70,scGEN,lisi_f1,0.045260658
randomly_wrong_70,STACAS,lisi_f1,0.151365807
randomly_wrong_70,scDREAMER,lisi_f1,0.545301594
randomly_wrong_70,ItClust,lisi_f1,0.351033039
